"七台河市","230900"
"七台河市勃利县","230921"
"七台河市市辖区","230901"
"七台河市新兴区","230902"
"七台河市桃山区","230903"
"七台河市茄子河区","230904"
"万宁市","469006"
"万源市","511781"
"三亚市","460200"
"三亚市市辖区","460201"
"三明市","350400"
"三明市三元区","350403"
"三明市大田县","350425"
"三明市宁化县","350424"
"三明市将乐县","350428"
"三明市尤溪县","350426"
"三明市市辖区","350401"
"三明市建宁县","350430"
"三明市明溪县","350421"
"三明市梅列区","350402"
"三明市沙县","350427"
"三明市泰宁县","350429"
"三明市清流县","350423"
"三沙市","460300"
"三河市","131082"
"三门峡市","411200"
"三门峡市卢氏县","411224"
"三门峡市市辖区","411201"
"三门峡市渑池县","411221"
"三门峡市湖滨区","411202"
"三门峡市陕县","411222"
"上海市","310000"
"上海市县","310200"
"上海市嘉定区","310114"
"上海市奉贤区","310120"
"上海市宝山区","310113"
"上海市崇明县","310230"
"上海市市辖区","310100"
"上海市徐汇区","310104"
"上海市普陀区","310107"
"上海市杨浦区","310110"
"上海市松江区","310117"
"上海市浦东新区","310115"
"上海市虹口区","310109"
"上海市金山区","310116"
"上海市长宁区","310105"
"上海市闵行区","310112"
"上海市闸北区","310108"
"上海市青浦区","310118"
"上海市静安区","310106"
"上海市黄浦区","310101"
"上虞市","330682"
"上饶市","361100"
"上饶市万年县","361129"
"上饶市上饶县","361121"
"上饶市余干县","361127"
"上饶市信州区","361102"
"上饶市婺源县","361130"
"上饶市市辖区","361101"
"上饶市广丰县","361122"
"上饶市弋阳县","361126"
"上饶市横峰县","361125"
"上饶市玉山县","361123"
"上饶市鄱阳县","361128"
"上饶市铅山县","361124"
"东乌珠穆沁旗","152525"
"东兴市","450681"
"东台市","320981"
"东方市","469007"
"东方市临高县","469024"
"东方市乐东黎族自治县","469027"
"东方市保亭黎族苗族自治县","469029"
"东方市定安县","469021"
"东方市屯昌县","469022"
"东方市昌江黎族自治县","469026"
"东方市澄迈县","469023"
"东方市琼中黎族苗族自治县","469030"
"东方市白沙黎族自治县","469025"
"东方市陵水黎族自治县","469028"
"东港市","210681"
"东莞市","441900"
"东营市","370500"
"东营市东营区","370502"
"东营市利津县","370522"
"东营市垦利县","370521"
"东营市市辖区","370501"
"东营市广饶县","370523"
"东营市河口区","370503"
"东阳市","330783"
"个旧市","532501"
"中卫市","640500"
"中卫市中宁县","640521"
"中卫市市辖区","640501"
"中卫市沙坡头区","640502"
"中卫市海原县","640522"
"中山市","442000"
"中沙群岛的岛礁及其海域","460323"
"丰城市","360981"
"丰镇市","150981"
"临夏回族自治州","622900"
"临夏市","622901"
"临夏市东乡族自治县","622926"
"临夏市临夏县","622921"
"临夏市和政县","622925"
"临夏市广河县","622924"
"临夏市康乐县","622922"
"临夏市永靖县","622923"
"临夏市积石山保安族东乡族撒拉族自治县","622927"
"临安市","330185"
"临江市","220681"
"临汾市","141000"
"临汾市乡宁县","141029"
"临汾市古县","141025"
"临汾市吉县","141028"
"临汾市大宁县","141030"
"临汾市安泽县","141026"
"临汾市尧都区","141002"
"临汾市市辖区","141001"
"临汾市曲沃县","141021"
"临汾市永和县","141032"
"临汾市汾西县","141034"
"临汾市洪洞县","141024"
"临汾市浮山县","141027"
"临汾市翼城县","141022"
"临汾市蒲县","141033"
"临汾市襄汾县","141023"
"临汾市隰县","141031"
"临沂市","371300"
"临沂市临沭县","371329"
"临沂市兰山区","371302"
"临沂市市辖区","371301"
"临沂市平邑县","371326"
"临沂市沂南县","371321"
"临沂市沂水县","371323"
"临沂市河东区","371312"
"临沂市罗庄区","371311"
"临沂市苍山县","371324"
"临沂市莒南县","371327"
"临沂市蒙阴县","371328"
"临沂市费县","371325"
"临沂市郯城县","371322"
"临沧市","530900"
"临沧市临翔区","530902"
"临沧市云县","530922"
"临沧市凤庆县","530921"
"临沧市双江拉祜族佤族布朗族傣族自治县","530925"
"临沧市市辖区","530901"
"临沧市永德县","530923"
"临沧市沧源佤族自治县","530927"
"临沧市耿马傣族佤族自治县","530926"
"临沧市镇康县","530924"
"临海市","331082"
"临清市","371581"
"临湘市","430682"
"丹东市","210600"
"丹东市元宝区","210602"
"丹东市宽甸满族自治县","210624"
"丹东市市辖区","210601"
"丹东市振兴区","210603"
"丹东市振安区","210604"
"丹江口市","420381"
"丹阳市","321181"
"丽水市","331100"
"丽水市云和县","331125"
"丽水市市辖区","331101"
"丽水市庆元县","331126"
"丽水市景宁畲族自治县","331127"
"丽水市松阳县","331124"
"丽水市缙云县","331122"
"丽水市莲都区","331102"
"丽水市遂昌县","331123"
"丽水市青田县","331121"
"丽江市","530700"
"丽江市华坪县","530723"
"丽江市古城区","530702"
"丽江市宁蒗彝族自治县","530724"
"丽江市市辖区","530701"
"丽江市永胜县","530722"
"丽江市玉龙纳西族自治县","530721"
"义乌市","330782"
"义马市","411281"
"乌兰察布市","150900"
"乌兰察布市兴和县","150924"
"乌兰察布市凉城县","150925"
"乌兰察布市化德县","150922"
"乌兰察布市卓资县","150921"
"乌兰察布市商都县","150923"
"乌兰察布市市辖区","150901"
"乌兰察布市集宁区","150902"
"乌兰浩特市","152201"
"乌审旗","150626"
"乌拉特中旗","150824"
"乌拉特前旗","150823"
"乌拉特后旗","150825"
"乌海市","150300"
"乌海市乌达区","150304"
"乌海市市辖区","150301"
"乌海市海勃湾区","150302"
"乌海市海南区","150303"
"乌苏市","654202"
"乌苏市和布克赛尔蒙古自治县","654226"
"乌苏市托里县","654224"
"乌苏市沙湾县","654223"
"乌苏市裕民县","654225"
"乌苏市阿勒泰地区","654300"
"乌苏市额敏县","654221"
"乌鲁木齐市","650100"
"乌鲁木齐市乌鲁木齐县","650121"
"乌鲁木齐市天山区","650102"
"乌鲁木齐市头屯河区","650106"
"乌鲁木齐市市辖区","650101"
"乌鲁木齐市新市区","650104"
"乌鲁木齐市水磨沟区","650105"
"乌鲁木齐市沙依巴克区","650103"
"乌鲁木齐市米东区","650109"
"乌鲁木齐市达坂城区","650107"
"乐山市","511100"
"乐山市五通桥区","511112"
"乐山市井研县","511124"
"乐山市夹江县","511126"
"乐山市峨边彝族自治县","511132"
"乐山市市中区","511102"
"乐山市市辖区","511101"
"乐山市沐川县","511129"
"乐山市沙湾区","511111"
"乐山市犍为县","511123"
"乐山市金口河区","511113"
"乐山市马边彝族自治县","511133"
"乐平市","360281"
"乐昌市","440281"
"乐清市","330382"
"乐陵市","371481"
"九台市","220181"
"九江市","360400"
"九江市九江县","360421"
"九江市修水县","360424"
"九江市市辖区","360401"
"九江市庐山区","360402"
"九江市彭泽县","360430"
"九江市德安县","360426"
"九江市星子县","360427"
"九江市武宁县","360423"
"九江市永修县","360425"
"九江市浔阳区","360403"
"九江市湖口县","360429"
"九江市都昌县","360428"
"乳山市","371083"
"二连浩特市","152501"
"云南省","530000"
"云浮市","445300"
"云浮市云城区","445302"
"云浮市云安县","445323"
"云浮市市辖区","445301"
"云浮市新兴县","445321"
"云浮市郁南县","445322"
"五大连池市","231182"
"五家渠市","659004"
"五常市","230184"
"五指山市","469001"
"井冈山市","360881"
"亳州市","341600"
"亳州市利辛县","341623"
"亳州市市辖区","341601"
"亳州市涡阳县","341621"
"亳州市蒙城县","341622"
"亳州市谯城区","341602"
"什邡市","510682"
"仁怀市","520382"
"介休市","140781"
"从化市","440184"
"仙桃市","429004"
"仪征市","321081"
"任丘市","130982"
"伊宁市","654002"
"伊春市","230700"
"伊春市上甘岭区","230716"
"伊春市乌伊岭区","230714"
"伊春市乌马河区","230711"
"伊春市五营区","230710"
"伊春市伊春区","230702"
"伊春市南岔区","230703"
"伊春市友好区","230704"
"伊春市嘉荫县","230722"
"伊春市市辖区","230701"
"伊春市带岭区","230713"
"伊春市新青区","230707"
"伊春市汤旺河区","230712"
"伊春市红星区","230715"
"伊春市美溪区","230708"
"伊春市翠峦区","230706"
"伊春市西林区","230705"
"伊春市金山屯区","230709"
"伊犁哈萨克自治州","654000"
"伊金霍洛旗","150627"
"余姚市","330281"
"佛山市","440600"
"佛山市三水区","440607"
"佛山市南海区","440605"
"佛山市市辖区","440601"
"佛山市禅城区","440604"
"佛山市顺德区","440606"
"佛山市高明区","440608"
"佳木斯市","230800"
"佳木斯市东风区","230805"
"佳木斯市前进区","230804"
"佳木斯市向阳区","230803"
"佳木斯市市辖区","230801"
"佳木斯市抚远县","230833"
"佳木斯市桦南县","230822"
"佳木斯市桦川县","230826"
"佳木斯市汤原县","230828"
"佳木斯市郊区","230811"
"侯马市","141081"
"保定市","130600"
"保定市北市区","130603"
"保定市南市区","130604"
"保定市博野县","130637"
"保定市唐县","130627"
"保定市安新县","130632"
"保定市定兴县","130626"
"保定市容城县","130629"
"保定市市辖区","130601"
"保定市徐水县","130625"
"保定市新市区","130602"
"保定市易县","130633"
"保定市曲阳县","130634"
"保定市望都县","130631"
"保定市涞水县","130623"
"保定市涞源县","130630"
"保定市清苑县","130622"
"保定市满城县","130621"
"保定市蠡县","130635"
"保定市阜平县","130624"
"保定市雄县","130638"
"保定市顺平县","130636"
"保定市高阳县","130628"
"保山市","530500"
"保山市市辖区","530501"
"保山市施甸县","530521"
"保山市昌宁县","530524"
"保山市腾冲县","530522"
"保山市隆阳区","530502"
"保山市龙陵县","530523"
"信宜市","440983"
"信阳市","411500"
"信阳市光山县","411522"
"信阳市商城县","411524"
"信阳市固始县","411525"
"信阳市市辖区","411501"
"信阳市平桥区","411503"
"信阳市息县","411528"
"信阳市新县","411523"
"信阳市浉河区","411502"
"信阳市淮滨县","411527"
"信阳市潢川县","411526"
"信阳市罗山县","411521"
"偃师市","410381"
"儋州市","469003"
"克什克腾旗","150425"
"克孜勒苏柯尔克孜自治州","653000"
"克拉玛依市","650200"
"克拉玛依市乌尔禾区","650205"
"克拉玛依市克拉玛依区","650203"
"克拉玛依市吐鲁番地区","652100"
"克拉玛依市市辖区","650201"
"克拉玛依市独山子区","650202"
"克拉玛依市白碱滩区","650204"
"兖州市","370882"
"公主岭市","220381"
"六安市","341500"
"六安市寿县","341521"
"六安市市辖区","341501"
"六安市舒城县","341523"
"六安市裕安区","341503"
"六安市金安区","341502"
"六安市金寨县","341524"
"六安市霍山县","341525"
"六安市霍邱县","341522"
"六盘水市","520200"
"六盘水市六枝特区","520203"
"六盘水市水城县","520221"
"六盘水市盘县","520222"
"六盘水市钟山区","520201"
"兰州市","620100"
"兰州市七里河区","620103"
"兰州市城关区","620102"
"兰州市安宁区","620105"
"兰州市市辖区","620101"
"兰州市榆中县","620123"
"兰州市永登县","620121"
"兰州市皋兰县","620122"
"兰州市红古区","620111"
"兰州市西固区","620104"
"兰溪市","330781"
"共青城市","360482"
"兴义市","522301"
"兴义市兴仁县","522322"
"兴义市册亨县","522327"
"兴义市安龙县","522328"
"兴义市普安县","522323"
"兴义市晴隆县","522324"
"兴义市望谟县","522326"
"兴义市贞丰县","522325"
"兴化市","321281"
"兴城市","211481"
"兴宁市","441481"
"兴安盟","152200"
"兴平市","610481"
"冀州市","131181"
"内江市","511000"
"内江市东兴区","511011"
"内江市威远县","511024"
"内江市市中区","511002"
"内江市市辖区","511001"
"内江市资中县","511025"
"内江市隆昌县","511028"
"内蒙古自治区","150000"
"冷水江市","431381"
"准格尔旗","150622"
"凉山彝族自治州","513400"
"凌海市","210781"
"凌源市","211382"
"凤城市","210682"
"凭祥市","451481"
"凯里市","522601"
"凯里市三穗县","522624"
"凯里市丹寨县","522636"
"凯里市从江县","522633"
"凯里市剑河县","522629"
"凯里市台江县","522630"
"凯里市天柱县","522627"
"凯里市岑巩县","522626"
"凯里市施秉县","522623"
"凯里市榕江县","522632"
"凯里市锦屏县","522628"
"凯里市镇远县","522625"
"凯里市雷山县","522634"
"凯里市麻江县","522635"
"凯里市黄平县","522622"
"凯里市黎平县","522631"
"利川市","422802"
"利川市咸丰县","422826"
"利川市宣恩县","422825"
"利川市巴东县","422823"
"利川市建始县","422822"
"利川市来凤县","422827"
"利川市省直辖县级行政区划","429000"
"利川市鹤峰县","422828"
"包头市","150200"
"包头市东河区","150202"
"包头市九原区","150207"
"包头市市辖区","150201"
"包头市昆都仑区","150203"
"包头市白云鄂博矿区","150206"
"包头市石拐区","150205"
"包头市青山区","150204"
"化州市","440982"
"北京市","110000"
"北京市东城区","110101"
"北京市丰台区","110106"
"北京市县","110200"
"北京市大兴区","110115"
"北京市密云县","110228"
"北京市市辖区","110100"
"北京市平谷区","110117"
"北京市延庆县","110229"
"北京市怀柔区","110116"
"北京市房山区","110111"
"北京市昌平区","110114"
"北京市朝阳区","110105"
"北京市海淀区","110108"
"北京市石景山区","110107"
"北京市西城区","110102"
"北京市通州区","110112"
"北京市门头沟区","110109"
"北京市顺义区","110113"
"北安市","231181"
"北流市","450981"
"北海市","450500"
"北海市合浦县","450521"
"北海市市辖区","450501"
"北海市海城区","450502"
"北海市铁山港区","450512"
"北海市银海区","450503"
"北票市","211381"
"北镇市","210782"
"十堰市","420300"
"十堰市市辖区","420301"
"十堰市张湾区","420303"
"十堰市房县","420325"
"十堰市竹山县","420323"
"十堰市竹溪县","420324"
"十堰市茅箭区","420302"
"十堰市郧县","420321"
"十堰市郧西县","420322"
"华蓥市","511681"
"华阴市","610582"
"南京市","320100"
"南京市下关区","320107"
"南京市六合区","320116"
"南京市市辖区","320101"
"南京市建邺区","320105"
"南京市栖霞区","320113"
"南京市江宁区","320115"
"南京市浦口区","320111"
"南京市溧水县","320124"
"南京市玄武区","320102"
"南京市白下区","320103"
"南京市秦淮区","320104"
"南京市雨花台区","320114"
"南京市高淳县","320125"
"南京市鼓楼区","320106"
"南充市","511300"
"南充市仪陇县","511324"
"南充市南部县","511321"
"南充市嘉陵区","511304"
"南充市市辖区","511301"
"南充市营山县","511322"
"南充市蓬安县","511323"
"南充市西充县","511325"
"南充市顺庆区","511302"
"南充市高坪区","511303"
"南宁市","450100"
"南宁市上林县","450125"
"南宁市兴宁区","450102"
"南宁市宾阳县","450126"
"南宁市市辖区","450101"
"南宁市横县","450127"
"南宁市武鸣县","450122"
"南宁市江南区","450105"
"南宁市良庆区","450108"
"南宁市西乡塘区","450107"
"南宁市邕宁区","450109"
"南宁市隆安县","450123"
"南宁市青秀区","450103"
"南宁市马山县","450124"
"南安市","350583"
"南宫市","130581"
"南平市","350700"
"南平市光泽县","350723"
"南平市市辖区","350701"
"南平市延平区","350702"
"南平市政和县","350725"
"南平市松溪县","350724"
"南平市浦城县","350722"
"南平市顺昌县","350721"
"南康市","360782"
"南昌市","360100"
"南昌市东湖区","360102"
"南昌市南昌县","360121"
"南昌市安义县","360123"
"南昌市市辖区","360101"
"南昌市新建县","360122"
"南昌市湾里区","360105"
"南昌市西湖区","360103"
"南昌市进贤县","360124"
"南昌市青云谱区","360104"
"南昌市青山湖区","360111"
"南沙群岛","460322"
"南通市","320600"
"南通市如东县","320623"
"南通市崇川区","320602"
"南通市市辖区","320601"
"南通市海安县","320621"
"南通市港闸区","320611"
"南通市通州区","320612"
"南阳市","411300"
"南阳市内乡县","411325"
"南阳市南召县","411321"
"南阳市卧龙区","411303"
"南阳市唐河县","411328"
"南阳市宛城区","411302"
"南阳市市辖区","411301"
"南阳市新野县","411329"
"南阳市方城县","411322"
"南阳市桐柏县","411330"
"南阳市淅川县","411326"
"南阳市社旗县","411327"
"南阳市西峡县","411323"
"南阳市镇平县","411324"
"南雄市","440282"
"博乐市","652701"
"博乐市温泉县","652723"
"博乐市精河县","652722"
"博尔塔拉蒙古自治州","652700"
"卫辉市","410781"
"卫辉市辉县市","410782"
"即墨市","370282"
"原平市","140981"
"厦门市","350200"
"厦门市同安区","350212"
"厦门市市辖区","350201"
"厦门市思明区","350203"
"厦门市海沧区","350205"
"厦门市湖里区","350206"
"厦门市翔安区","350213"
"厦门市集美区","350211"
"双城市","230182"
"双辽市","220382"
"双鸭山市","230500"
"双鸭山市友谊县","230522"
"双鸭山市四方台区","230505"
"双鸭山市宝山区","230506"
"双鸭山市宝清县","230523"
"双鸭山市尖山区","230502"
"双鸭山市岭东区","230503"
"双鸭山市市辖区","230501"
"双鸭山市集贤县","230521"
"双鸭山市饶河县","230524"
"古交市","140181"
"句容市","321183"
"台山市","440781"
"台州市","331000"
"台州市三门县","331022"
"台州市仙居县","331024"
"台州市天台县","331023"
"台州市市辖区","331001"
"台州市椒江区","331002"
"台州市玉环县","331021"
"台州市路桥区","331004"
"台州市黄岩区","331003"
"台湾省","710000"
"合作市","623001"
"合作市临潭县","623021"
"合作市卓尼县","623022"
"合作市夏河县","623027"
"合作市玛曲县","623025"
"合作市碌曲县","623026"
"合作市舟曲县","623023"
"合作市迭部县","623024"
"合山市","451381"
"合肥市","340100"
"合肥市包河区","340111"
"合肥市市辖区","340101"
"合肥市庐江县","340124"
"合肥市庐阳区","340103"
"合肥市瑶海区","340102"
"合肥市肥东县","340122"
"合肥市肥西县","340123"
"合肥市蜀山区","340104"
"合肥市长丰县","340121"
"吉安市","360800"
"吉安市万安县","360828"
"吉安市吉安县","360821"
"吉安市吉州区","360802"
"吉安市吉水县","360822"
"吉安市安福县","360829"
"吉安市峡江县","360823"
"吉安市市辖区","360801"
"吉安市新干县","360824"
"吉安市永丰县","360825"
"吉安市永新县","360830"
"吉安市泰和县","360826"
"吉安市遂川县","360827"
"吉安市青原区","360803"
"吉林市","220200"
"吉林市丰满区","220211"
"吉林市市辖区","220201"
"吉林市昌邑区","220202"
"吉林市永吉县","220221"
"吉林市船营区","220204"
"吉林市龙潭区","220203"
"吉林省","220000"
"吉首市","433101"
"吉首市保靖县","433125"
"吉首市凤凰县","433123"
"吉首市古丈县","433126"
"吉首市永顺县","433127"
"吉首市泸溪县","433122"
"吉首市花垣县","433124"
"吉首市龙山县","433130"
"同江市","230881"
"吐鲁番市","652101"
"吐鲁番市哈密地区","652200"
"吐鲁番市托克逊县","652123"
"吐鲁番市鄯善县","652122"
"吕梁市","141100"
"吕梁市中阳县","141129"
"吕梁市临县","141124"
"吕梁市交口县","141130"
"吕梁市交城县","141122"
"吕梁市兴县","141123"
"吕梁市岚县","141127"
"吕梁市市辖区","141101"
"吕梁市文水县","141121"
"吕梁市方山县","141128"
"吕梁市柳林县","141125"
"吕梁市石楼县","141126"
"吕梁市离石区","141102"
"启东市","320681"
"吴川市","440883"
"吴忠市","640300"
"吴忠市利通区","640302"
"吴忠市同心县","640324"
"吴忠市市辖区","640301"
"吴忠市盐池县","640323"
"吴忠市红寺堡区","640303"
"周口市","411600"
"周口市商水县","411623"
"周口市太康县","411627"
"周口市川汇区","411602"
"周口市市辖区","411601"
"周口市扶沟县","411621"
"周口市沈丘县","411624"
"周口市淮阳县","411626"
"周口市西华县","411622"
"周口市郸城县","411625"
"周口市鹿邑县","411628"
"呼伦贝尔市","150700"
"呼伦贝尔市市辖区","150701"
"呼伦贝尔市海拉尔区","150702"
"呼和浩特市","150100"
"呼和浩特市回民区","150103"
"呼和浩特市市辖区","150101"
"呼和浩特市新城区","150102"
"呼和浩特市玉泉区","150104"
"呼和浩特市赛罕区","150105"
"和田市","653201"
"和田市于田县","653226"
"和田市和田县","653221"
"和田市墨玉县","653222"
"和田市民丰县","653227"
"和田市洛浦县","653224"
"和田市皮山县","653223"
"和田市策勒县","653225"
"和龙市","222406"
"和龙市安图县","222426"
"和龙市汪清县","222424"
"咸宁市","421200"
"咸宁市咸安区","421202"
"咸宁市嘉鱼县","421221"
"咸宁市崇阳县","421223"
"咸宁市市辖区","421201"
"咸宁市通城县","421222"
"咸宁市通山县","421224"
"咸阳市","610400"
"咸阳市三原县","610422"
"咸阳市乾县","610424"
"咸阳市市辖区","610401"
"咸阳市彬县","610427"
"咸阳市旬邑县","610429"
"咸阳市杨陵区","610403"
"咸阳市武功县","610431"
"咸阳市永寿县","610426"
"咸阳市泾阳县","610423"
"咸阳市淳化县","610430"
"咸阳市渭城区","610404"
"咸阳市礼泉县","610425"
"咸阳市秦都区","610402"
"咸阳市长武县","610428"
"哈密市","652201"
"哈密市伊吾县","652223"
"哈密市巴里坤哈萨克自治县","652222"
"哈尔滨市","230100"
"哈尔滨市依兰县","230123"
"哈尔滨市南岗区","230103"
"哈尔滨市呼兰区","230111"
"哈尔滨市宾县","230125"
"哈尔滨市巴彦县","230126"
"哈尔滨市市辖区","230101"
"哈尔滨市平房区","230108"
"哈尔滨市延寿县","230129"
"哈尔滨市方正县","230124"
"哈尔滨市木兰县","230127"
"哈尔滨市松北区","230109"
"哈尔滨市通河县","230128"
"哈尔滨市道外区","230104"
"哈尔滨市道里区","230102"
"哈尔滨市阿城区","230112"
"哈尔滨市香坊区","230110"
"唐山市","130200"
"唐山市丰南区","130207"
"唐山市丰润区","130208"
"唐山市乐亭县","130225"
"唐山市古冶区","130204"
"唐山市市辖区","130201"
"唐山市开平区","130205"
"唐山市曹妃甸区","130209"
"唐山市滦南县","130224"
"唐山市滦县","130223"
"唐山市玉田县","130229"
"唐山市路北区","130203"
"唐山市路南区","130202"
"唐山市迁西县","130227"
"商丘市","411400"
"商丘市夏邑县","411426"
"商丘市宁陵县","411423"
"商丘市市辖区","411401"
"商丘市柘城县","411424"
"商丘市梁园区","411402"
"商丘市民权县","411421"
"商丘市睢县","411422"
"商丘市睢阳区","411403"
"商丘市虞城县","411425"
"商洛市","611000"
"商洛市丹凤县","611022"
"商洛市商南县","611023"
"商洛市商州区","611002"
"商洛市山阳县","611024"
"商洛市市辖区","611001"
"商洛市柞水县","611026"
"商洛市洛南县","611021"
"商洛市镇安县","611025"
"喀什市","653101"
"喀什市伽师县","653129"
"喀什市叶城县","653126"
"喀什市和田地区","653200"
"喀什市塔什库尔干塔吉克自治县","653131"
"喀什市岳普湖县","653128"
"喀什市巴楚县","653130"
"喀什市泽普县","653124"
"喀什市疏勒县","653122"
"喀什市疏附县","653121"
"喀什市英吉沙县","653123"
"喀什市莎车县","653125"
"喀什市麦盖提县","653127"
"喀喇沁旗","150428"
"喀喇沁旗宁城县","150429"
"嘉兴市","330400"
"嘉兴市南湖区","330402"
"嘉兴市嘉善县","330421"
"嘉兴市市辖区","330401"
"嘉兴市海盐县","330424"
"嘉兴市秀洲区","330411"
"嘉峪关市","620200"
"嘉峪关市市辖区","620201"
"四会市","441284"
"四子王旗","150929"
"四川省","510000"
"四平市","220300"
"四平市伊通满族自治县","220323"
"四平市市辖区","220301"
"四平市梨树县","220322"
"四平市铁东区","220303"
"四平市铁西区","220302"
"固原市","640400"
"固原市原州区","640402"
"固原市市辖区","640401"
"固原市彭阳县","640425"
"固原市泾源县","640424"
"固原市西吉县","640422"
"固原市隆德县","640423"
"图们市","222402"
"图木舒克市","659003"
"土默特右旗","150221"
"土默特右旗固阳县","150222"
"土默特左旗","150121"
"土默特左旗和林格尔县","150123"
"土默特左旗托克托县","150122"
"土默特左旗武川县","150125"
"土默特左旗清水河县","150124"
"塔城市","654201"
"增城市","440183"
"大丰市","320982"
"大冶市","420281"
"大同市","140200"
"大同市南郊区","140211"
"大同市城区","140202"
"大同市大同县","140227"
"大同市天镇县","140222"
"大同市左云县","140226"
"大同市市辖区","140201"
"大同市广灵县","140223"
"大同市新荣区","140212"
"大同市浑源县","140225"
"大同市灵丘县","140224"
"大同市矿区","140203"
"大同市阳高县","140221"
"大安市","220882"
"大庆市","230600"
"大庆市大同区","230606"
"大庆市市辖区","230601"
"大庆市杜尔伯特蒙古族自治县","230624"
"大庆市林甸县","230623"
"大庆市红岗区","230605"
"大庆市肇州县","230621"
"大庆市肇源县","230622"
"大庆市萨尔图区","230602"
"大庆市让胡路区","230604"
"大庆市龙凤区","230603"
"大理市","532901"
"大理市云龙县","532929"
"大理市剑川县","532931"
"大理市南涧彝族自治县","532926"
"大理市宾川县","532924"
"大理市巍山彝族回族自治县","532927"
"大理市弥渡县","532925"
"大理市永平县","532928"
"大理市洱源县","532930"
"大理市漾濞彝族自治县","532922"
"大理市祥云县","532923"
"大理市鹤庆县","532932"
"大理白族自治州","532900"
"大石桥市","210882"
"大连市","210200"
"大连市中山区","210202"
"大连市市辖区","210201"
"大连市旅顺口区","210212"
"大连市沙河口区","210204"
"大连市甘井子区","210211"
"大连市西岗区","210203"
"大连市金州区","210213"
"大连市长海县","210224"
"天水市","620500"
"天水市市辖区","620501"
"天水市张家川回族自治县","620525"
"天水市武山县","620524"
"天水市清水县","620521"
"天水市甘谷县","620523"
"天水市秦安县","620522"
"天水市秦州区","620502"
"天水市麦积区","620503"
"天津市","120000"
"天津市东丽区","120110"
"天津市北辰区","120113"
"天津市南开区","120104"
"天津市县","120200"
"天津市和平区","120101"
"天津市宁河县","120221"
"天津市宝坻区","120115"
"天津市市辖区","120100"
"天津市武清区","120114"
"天津市河东区","120102"
"天津市河北区","120105"
"天津市河西区","120103"
"天津市津南区","120112"
"天津市滨海新区","120116"
"天津市红桥区","120106"
"天津市蓟县","120225"
"天津市西青区","120111"
"天津市静海县","120223"
"天长市","341181"
"天门市","429006"
"天门市神农架林区","429021"
"太仆寺旗","152527"
"太仓市","320585"
"太原市","140100"
"太原市万柏林区","140109"
"太原市娄烦县","140123"
"太原市小店区","140105"
"太原市尖草坪区","140108"
"太原市市辖区","140101"
"太原市晋源区","140110"
"太原市杏花岭区","140107"
"太原市清徐县","140121"
"太原市迎泽区","140106"
"太原市阳曲县","140122"
"奈曼旗","150525"
"奉化市","330283"
"奎屯市","654003"
"奎屯市伊宁县","654021"
"奎屯市塔城地区","654200"
"奎屯市察布查尔锡伯自治县","654022"
"奎屯市尼勒克县","654028"
"奎屯市巩留县","654024"
"奎屯市新源县","654025"
"奎屯市昭苏县","654026"
"奎屯市特克斯县","654027"
"奎屯市霍城县","654023"
"如皋市","320682"
"姜堰市","321284"
"威海市","371000"
"威海市市辖区","371001"
"威海市环翠区","371002"
"娄底市","431300"
"娄底市双峰县","431321"
"娄底市娄星区","431302"
"娄底市市辖区","431301"
"娄底市新化县","431322"
"孝义市","141181"
"孝感市","420900"
"孝感市云梦县","420923"
"孝感市大悟县","420922"
"孝感市孝南区","420902"
"孝感市孝昌县","420921"
"孝感市市辖区","420901"
"孟州市","410883"
"宁国市","341881"
"宁夏回族自治区","640000"
"宁安市","231084"
"宁德市","350900"
"宁德市古田县","350922"
"宁德市周宁县","350925"
"宁德市寿宁县","350924"
"宁德市屏南县","350923"
"宁德市市辖区","350901"
"宁德市柘荣县","350926"
"宁德市蕉城区","350902"
"宁德市霞浦县","350921"
"宁波市","330200"
"宁波市北仑区","330206"
"宁波市宁海县","330226"
"宁波市市辖区","330201"
"宁波市江东区","330204"
"宁波市江北区","330205"
"宁波市海曙区","330203"
"宁波市象山县","330225"
"宁波市鄞州区","330212"
"宁波市镇海区","330211"
"安丘市","370784"
"安国市","130683"
"安宁市","530181"
"安庆市","340800"
"安庆市大观区","340803"
"安庆市太湖县","340825"
"安庆市宜秀区","340811"
"安庆市宿松县","340826"
"安庆市岳西县","340828"
"安庆市市辖区","340801"
"安庆市怀宁县","340822"
"安庆市望江县","340827"
"安庆市枞阳县","340823"
"安庆市潜山县","340824"
"安庆市迎江区","340802"
"安康市","610900"
"安康市宁陕县","610923"
"安康市岚皋县","610925"
"安康市市辖区","610901"
"安康市平利县","610926"
"安康市旬阳县","610928"
"安康市汉滨区","610902"
"安康市汉阴县","610921"
"安康市白河县","610929"
"安康市石泉县","610922"
"安康市紫阳县","610924"
"安康市镇坪县","610927"
"安徽省","340000"
"安达市","231281"
"安阳市","410500"
"安阳市内黄县","410527"
"安阳市北关区","410503"
"安阳市安阳县","410522"
"安阳市市辖区","410501"
"安阳市文峰区","410502"
"安阳市殷都区","410505"
"安阳市汤阴县","410523"
"安阳市滑县","410526"
"安阳市龙安区","410506"
"安陆市","420982"
"安顺市","520400"
"安顺市关岭布依族苗族自治县","520424"
"安顺市市辖区","520401"
"安顺市平坝县","520421"
"安顺市普定县","520422"
"安顺市紫云苗族布依族自治县","520425"
"安顺市西秀区","520402"
"安顺市镇宁布依族苗族自治县","520423"
"定州市","130682"
"定西市","621100"
"定西市临洮县","621124"
"定西市安定区","621102"
"定西市岷县","621126"
"定西市市辖区","621101"
"定西市渭源县","621123"
"定西市漳县","621125"
"定西市通渭县","621121"
"定西市陇西县","621122"
"宜兴市","320282"
"宜城市","420684"
"宜宾市","511500"
"宜宾市兴文县","511528"
"宜宾市南溪区","511503"
"宜宾市宜宾县","511521"
"宜宾市屏山县","511529"
"宜宾市市辖区","511501"
"宜宾市江安县","511523"
"宜宾市珙县","511526"
"宜宾市筠连县","511527"
"宜宾市翠屏区","511502"
"宜宾市长宁县","511524"
"宜宾市高县","511525"
"宜州市","451281"
"宜昌市","420500"
"宜昌市五峰土家族自治县","420529"
"宜昌市伍家岗区","420503"
"宜昌市兴山县","420526"
"宜昌市夷陵区","420506"
"宜昌市市辖区","420501"
"宜昌市点军区","420504"
"宜昌市猇亭区","420505"
"宜昌市秭归县","420527"
"宜昌市西陵区","420502"
"宜昌市远安县","420525"
"宜昌市长阳土家族自治县","420528"
"宜春市","360900"
"宜春市万载县","360922"
"宜春市上高县","360923"
"宜春市奉新县","360921"
"宜春市宜丰县","360924"
"宜春市市辖区","360901"
"宜春市袁州区","360902"
"宜春市铜鼓县","360926"
"宜春市靖安县","360925"
"宜都市","420581"
"宝鸡市","610300"
"宝鸡市凤县","610330"
"宝鸡市凤翔县","610322"
"宝鸡市千阳县","610328"
"宝鸡市太白县","610331"
"宝鸡市岐山县","610323"
"宝鸡市市辖区","610301"
"宝鸡市扶风县","610324"
"宝鸡市渭滨区","610302"
"宝鸡市眉县","610326"
"宝鸡市金台区","610303"
"宝鸡市陇县","610327"
"宝鸡市陈仓区","610304"
"宝鸡市麟游县","610329"
"宣城市","341800"
"宣城市宣州区","341802"
"宣城市市辖区","341801"
"宣城市广德县","341822"
"宣城市旌德县","341825"
"宣城市泾县","341823"
"宣城市绩溪县","341824"
"宣城市郎溪县","341821"
"宣威市","530381"
"宿州市","341300"
"宿州市埇桥区","341302"
"宿州市市辖区","341301"
"宿州市泗县","341324"
"宿州市灵璧县","341323"
"宿州市砀山县","341321"
"宿州市萧县","341322"
"宿迁市","321300"
"宿迁市宿城区","321302"
"宿迁市宿豫区","321311"
"宿迁市市辖区","321301"
"宿迁市沭阳县","321322"
"宿迁市泗洪县","321324"
"宿迁市泗阳县","321323"
"密山市","230382"
"富锦市","230882"
"富阳市","330183"
"察哈尔右翼中旗","150927"
"察哈尔右翼前旗","150926"
"察哈尔右翼后旗","150928"
"寿光市","370783"
"尚志市","230183"
"山东省","370000"
"山西省","140000"
"岑溪市","450481"
"岳阳市","430600"
"岳阳市云溪区","430603"
"岳阳市华容县","430623"
"岳阳市君山区","430611"
"岳阳市岳阳县","430621"
"岳阳市岳阳楼区","430602"
"岳阳市市辖区","430601"
"岳阳市平江县","430626"
"岳阳市湘阴县","430624"
"峨眉山市","511181"
"崇州市","510184"
"崇左市","451400"
"崇左市大新县","451424"
"崇左市天等县","451425"
"崇左市宁明县","451422"
"崇左市市辖区","451401"
"崇左市扶绥县","451421"
"崇左市江洲区","451402"
"崇左市龙州县","451423"
"嵊州市","330683"
"巢湖市","340181"
"巩义市","410181"
"巴中市","511900"
"巴中市南江县","511922"
"巴中市巴州区","511902"
"巴中市市辖区","511901"
"巴中市平昌县","511923"
"巴中市通江县","511921"
"巴彦淖尔市","150800"
"巴彦淖尔市临河区","150802"
"巴彦淖尔市五原县","150821"
"巴彦淖尔市市辖区","150801"
"巴彦淖尔市磴口县","150822"
"巴林右旗","150423"
"巴林右旗林西县","150424"
"巴林左旗","150422"
"巴音郭楞蒙古自治州","652800"
"常宁市","430482"
"常州市","320400"
"常州市天宁区","320402"
"常州市市辖区","320401"
"常州市戚墅堰区","320405"
"常州市新北区","320411"
"常州市武进区","320412"
"常州市钟楼区","320404"
"常德市","430700"
"常德市临澧县","430724"
"常德市安乡县","430721"
"常德市市辖区","430701"
"常德市桃源县","430725"
"常德市武陵区","430702"
"常德市汉寿县","430722"
"常德市澧县","430723"
"常德市石门县","430726"
"常德市鼎城区","430703"
"常熟市","320581"
"平凉市","620800"
"平凉市华亭县","620824"
"平凉市崆峒区","620802"
"平凉市崇信县","620823"
"平凉市市辖区","620801"
"平凉市庄浪县","620825"
"平凉市泾川县","620821"
"平凉市灵台县","620822"
"平凉市静宁县","620826"
"平度市","370283"
"平湖市","330482"
"平顶山市","410400"
"平顶山市卫东区","410403"
"平顶山市叶县","410422"
"平顶山市宝丰县","410421"
"平顶山市市辖区","410401"
"平顶山市新华区","410402"
"平顶山市湛河区","410411"
"平顶山市石龙区","410404"
"平顶山市郏县","410425"
"平顶山市鲁山县","410423"
"广东省","440000"
"广元市","510800"
"广元市元坝区","510811"
"广元市利州区","510802"
"广元市剑阁县","510823"
"广元市市辖区","510801"
"广元市旺苍县","510821"
"广元市朝天区","510812"
"广元市苍溪县","510824"
"广元市青川县","510822"
"广安市","511600"
"广安市岳池县","511621"
"广安市市辖区","511601"
"广安市广安区","511602"
"广安市武胜县","511622"
"广安市邻水县","511623"
"广州市","440100"
"广州市南沙区","440115"
"广州市天河区","440106"
"广州市市辖区","440101"
"广州市海珠区","440105"
"广州市番禺区","440113"
"广州市白云区","440111"
"广州市花都区","440114"
"广州市荔湾区","440103"
"广州市萝岗区","440116"
"广州市越秀区","440104"
"广州市黄埔区","440112"
"广水市","421381"
"广汉市","510681"
"广西壮族自治区","450000"
"庄河市","210283"
"庆阳市","621000"
"庆阳市华池县","621023"
"庆阳市合水县","621024"
"庆阳市宁县","621026"
"庆阳市市辖区","621001"
"庆阳市庆城县","621021"
"庆阳市正宁县","621025"
"庆阳市环县","621022"
"庆阳市西峰区","621002"
"庆阳市镇原县","621027"
"库伦旗","150524"
"库尔勒市","652801"
"库尔勒市且末县","652825"
"库尔勒市博湖县","652829"
"库尔勒市和硕县","652828"
"库尔勒市和静县","652827"
"库尔勒市尉犁县","652823"
"库尔勒市焉耆回族自治县","652826"
"库尔勒市若羌县","652824"
"库尔勒市轮台县","652822"
"库尔勒市阿克苏地区","652900"
"应城市","420981"
"廉江市","440881"
"廊坊市","131000"
"廊坊市固安县","131022"
"廊坊市大厂回族自治县","131028"
"廊坊市大城县","131025"
"廊坊市安次区","131002"
"廊坊市市辖区","131001"
"廊坊市广阳区","131003"
"廊坊市文安县","131026"
"廊坊市永清县","131023"
"廊坊市香河县","131024"
"延吉市","222401"
"延安市","610600"
"延安市吴起县","610626"
"延安市子长县","610623"
"延安市安塞县","610624"
"延安市宜川县","610630"
"延安市宝塔区","610602"
"延安市富县","610628"
"延安市市辖区","610601"
"延安市延川县","610622"
"延安市延长县","610621"
"延安市志丹县","610625"
"延安市洛川县","610629"
"延安市甘泉县","610627"
"延安市黄陵县","610632"
"延安市黄龙县","610631"
"延边朝鲜族自治州","222400"
"建德市","330182"
"建瓯市","350783"
"建阳市","350784"
"开原市","211282"
"开封市","410200"
"开封市兰考县","410225"
"开封市尉氏县","410223"
"开封市市辖区","410201"
"开封市开封县","410224"
"开封市杞县","410221"
"开封市禹王台区","410205"
"开封市通许县","410222"
"开封市金明区","410211"
"开封市顺河回族区","410203"
"开封市鼓楼区","410204"
"开封市龙亭区","410202"
"开平市","440783"
"开远市","532502"
"张家口市","130700"
"张家口市万全县","130729"
"张家口市下花园区","130706"
"张家口市宣化区","130705"
"张家口市宣化县","130721"
"张家口市尚义县","130725"
"张家口市崇礼县","130733"
"张家口市市辖区","130701"
"张家口市康保县","130723"
"张家口市张北县","130722"
"张家口市怀安县","130728"
"张家口市怀来县","130730"
"张家口市桥东区","130702"
"张家口市桥西区","130703"
"张家口市沽源县","130724"
"张家口市涿鹿县","130731"
"张家口市蔚县","130726"
"张家口市赤城县","130732"
"张家口市阳原县","130727"
"张家港市","320582"
"张家界市","430800"
"张家界市市辖区","430801"
"张家界市慈利县","430821"
"张家界市桑植县","430822"
"张家界市武陵源区","430811"
"张家界市永定区","430802"
"张掖市","620700"
"张掖市临泽县","620723"
"张掖市山丹县","620725"
"张掖市市辖区","620701"
"张掖市民乐县","620722"
"张掖市甘州区","620702"
"张掖市肃南裕固族自治县","620721"
"张掖市高台县","620724"
"当阳市","420582"
"彭州市","510182"
"徐州市","320300"
"徐州市丰县","320321"
"徐州市云龙区","320303"
"徐州市市辖区","320301"
"徐州市沛县","320322"
"徐州市泉山区","320311"
"徐州市睢宁县","320324"
"徐州市贾汪区","320305"
"徐州市铜山区","320312"
"徐州市鼓楼区","320302"
"德令哈市","632802"
"德令哈市乌兰县","632821"
"德令哈市天峻县","632823"
"德令哈市都兰县","632822"
"德兴市","361181"
"德宏傣族景颇族自治州","533100"
"德州市","371400"
"德州市临邑县","371424"
"德州市夏津县","371427"
"德州市宁津县","371422"
"德州市市辖区","371401"
"德州市平原县","371426"
"德州市庆云县","371423"
"德州市德城区","371402"
"德州市武城县","371428"
"德州市陵县","371421"
"德州市齐河县","371425"
"德惠市","220183"
"德阳市","510600"
"德阳市中江县","510623"
"德阳市市辖区","510601"
"德阳市旌阳区","510603"
"德阳市罗江县","510626"
"忻州市","140900"
"忻州市五台县","140922"
"忻州市五寨县","140928"
"忻州市代县","140923"
"忻州市保德县","140931"
"忻州市偏关县","140932"
"忻州市宁武县","140925"
"忻州市定襄县","140921"
"忻州市岢岚县","140929"
"忻州市市辖区","140901"
"忻州市忻府区","140902"
"忻州市河曲县","140930"
"忻州市神池县","140927"
"忻州市繁峙县","140924"
"忻州市静乐县","140926"
"怀化市","431200"
"怀化市中方县","431221"
"怀化市会同县","431225"
"怀化市市辖区","431201"
"怀化市新晃侗族自治县","431227"
"怀化市沅陵县","431222"
"怀化市溆浦县","431224"
"怀化市芷江侗族自治县","431228"
"怀化市辰溪县","431223"
"怀化市通道侗族自治县","431230"
"怀化市靖州苗族侗族自治县","431229"
"怀化市鹤城区","431202"
"怀化市麻阳苗族自治县","431226"
"怒江傈僳族自治州","533300"
"怒江傈僳族自治州兰坪白族普米族自治县","533325"
"怒江傈僳族自治州泸水县","533321"
"怒江傈僳族自治州福贡县","533323"
"怒江傈僳族自治州贡山独龙族怒族自治县","533324"
"恩平市","440785"
"恩施土家族苗族自治州","422800"
"恩施市","422801"
"惠州市","441300"
"惠州市博罗县","441322"
"惠州市市辖区","441301"
"惠州市惠东县","441323"
"惠州市惠城区","441302"
"惠州市惠阳区","441303"
"惠州市龙门县","441324"
"慈溪市","330282"
"成都市","510100"
"成都市双流县","510122"
"成都市大邑县","510129"
"成都市市辖区","510101"
"成都市成华区","510108"
"成都市新津县","510132"
"成都市新都区","510114"
"成都市武侯区","510107"
"成都市温江区","510115"
"成都市蒲江县","510131"
"成都市郫县","510124"
"成都市金堂县","510121"
"成都市金牛区","510106"
"成都市锦江区","510104"
"成都市青白江区","510113"
"成都市青羊区","510105"
"成都市龙泉驿区","510112"
"扎兰屯市","150783"
"扎赉特旗","152223"
"扎赉特旗突泉县","152224"
"扎鲁特旗","150526"
"扬中市","321182"
"扬州市","321000"
"扬州市宝应县","321023"
"扬州市市辖区","321001"
"扬州市广陵区","321002"
"扬州市江都区","321012"
"扬州市邗江区","321003"
"承德市","130800"
"承德市丰宁满族自治县","130826"
"承德市兴隆县","130822"
"承德市双桥区","130802"
"承德市双滦区","130803"
"承德市围场满族蒙古族自治县","130828"
"承德市宽城满族自治县","130827"
"承德市市辖区","130801"
"承德市平泉县","130823"
"承德市承德县","130821"
"承德市滦平县","130824"
"承德市隆化县","130825"
"承德市鹰手营子矿区","130804"
"抚州市","361000"
"抚州市东乡县","361029"
"抚州市临川区","361002"
"抚州市乐安县","361025"
"抚州市南丰县","361023"
"抚州市南城县","361021"
"抚州市宜黄县","361026"
"抚州市崇仁县","361024"
"抚州市市辖区","361001"
"抚州市广昌县","361030"
"抚州市资溪县","361028"
"抚州市金溪县","361027"
"抚州市黎川县","361022"
"抚顺市","210400"
"抚顺市东洲区","210403"
"抚顺市市辖区","210401"
"抚顺市抚顺县","210421"
"抚顺市新宾满族自治县","210422"
"抚顺市新抚区","210402"
"抚顺市望花区","210404"
"抚顺市清原满族自治县","210423"
"抚顺市顺城区","210411"
"拉萨市","540100"
"拉萨市丁青县","542125"
"拉萨市乃东县","542221"
"拉萨市八宿县","542127"
"拉萨市加查县","542229"
"拉萨市城关区","540102"
"拉萨市堆龙德庆县","540125"
"拉萨市墨竹工卡县","540127"
"拉萨市察雅县","542126"
"拉萨市尼木县","540123"
"拉萨市山南地区","542200"
"拉萨市左贡县","542128"
"拉萨市市辖区","540101"
"拉萨市当雄县","540122"
"拉萨市扎囊县","542222"
"拉萨市措美县","542227"
"拉萨市日喀则地区","542300"
"拉萨市昌都县","542121"
"拉萨市昌都地区","542100"
"拉萨市曲松县","542226"
"拉萨市曲水县","540124"
"拉萨市林周县","540121"
"拉萨市桑日县","542224"
"拉萨市江达县","542122"
"拉萨市洛扎县","542228"
"拉萨市洛隆县","542132"
"拉萨市浪卡子县","542233"
"拉萨市琼结县","542225"
"拉萨市类乌齐县","542124"
"拉萨市芒康县","542129"
"拉萨市贡嘎县","542223"
"拉萨市贡觉县","542123"
"拉萨市边坝县","542133"
"拉萨市达孜县","540126"
"拉萨市错那县","542232"
"拉萨市隆子县","542231"
"招远市","370685"
"揭阳市","445200"
"揭阳市市辖区","445201"
"揭阳市惠来县","445224"
"揭阳市揭东县","445221"
"揭阳市揭西县","445222"
"揭阳市榕城区","445202"
"攀枝花市","510400"
"攀枝花市东区","510402"
"攀枝花市仁和区","510411"
"攀枝花市市辖区","510401"
"攀枝花市盐边县","510422"
"攀枝花市米易县","510421"
"攀枝花市西区","510403"
"敖汉旗","150430"
"敦化市","222403"
"敦煌市","620982"
"文山壮族苗族自治州","532600"
"文山市","532601"
"文山市丘北县","532626"
"文山市富宁县","532628"
"文山市广南县","532627"
"文山市砚山县","532622"
"文山市西畴县","532623"
"文山市马关县","532625"
"文山市麻栗坡县","532624"
"文昌市","469005"
"文登市","371081"
"新乐市","130184"
"新乡市","410700"
"新乡市凤泉区","410704"
"新乡市卫滨区","410703"
"新乡市原阳县","410725"
"新乡市封丘县","410727"
"新乡市市辖区","410701"
"新乡市延津县","410726"
"新乡市新乡县","410721"
"新乡市牧野区","410711"
"新乡市红旗区","410702"
"新乡市获嘉县","410724"
"新乡市长垣县","410728"
"新余市","360500"
"新余市分宜县","360521"
"新余市市辖区","360501"
"新余市渝水区","360502"
"新密市","410183"
"新巴尔虎右旗","150727"
"新巴尔虎左旗","150726"
"新民市","210181"
"新沂市","320381"
"新泰市","370982"
"新疆维吾尔自治区","650000"
"新郑市","410184"
"无锡市","320200"
"无锡市北塘区","320204"
"无锡市南长区","320203"
"无锡市崇安区","320202"
"无锡市市辖区","320201"
"无锡市惠山区","320206"
"无锡市滨湖区","320211"
"无锡市锡山区","320205"
"日喀则市","542301"
"日喀则市亚东县","542334"
"日喀则市仁布县","542330"
"日喀则市仲巴县","542333"
"日喀则市南木林县","542322"
"日喀则市吉隆县","542335"
"日喀则市嘉黎县","542422"
"日喀则市噶尔县","542523"
"日喀则市墨脱县","542624"
"日喀则市安多县","542425"
"日喀则市定日县","542324"
"日喀则市定结县","542332"
"日喀则市察隅县","542626"
"日喀则市尼玛县","542430"
"日喀则市岗巴县","542338"
"日喀则市工布江达县","542622"
"日喀则市巴青县","542429"
"日喀则市康马县","542331"
"日喀则市拉孜县","542326"
"日喀则市措勤县","542527"
"日喀则市改则县","542526"
"日喀则市日土县","542524"
"日喀则市昂仁县","542327"
"日喀则市普兰县","542521"
"日喀则市朗县","542627"
"日喀则市札达县","542522"
"日喀则市林芝县","542621"
"日喀则市林芝地区","542600"
"日喀则市比如县","542423"
"日喀则市江孜县","542323"
"日喀则市波密县","542625"
"日喀则市班戈县","542428"
"日喀则市申扎县","542426"
"日喀则市白朗县","542329"
"日喀则市米林县","542623"
"日喀则市索县","542427"
"日喀则市聂拉木县","542336"
"日喀则市聂荣县","542424"
"日喀则市萨嘎县","542337"
"日喀则市萨迦县","542325"
"日喀则市谢通门县","542328"
"日喀则市那曲县","542421"
"日喀则市那曲地区","542400"
"日喀则市阿里地区","542500"
"日喀则市革吉县","542525"
"日照市","371100"
"日照市东港区","371102"
"日照市五莲县","371121"
"日照市岚山区","371103"
"日照市市辖区","371101"
"日照市莒县","371122"
"昆山市","320583"
"昆明市","530100"
"昆明市东川区","530113"
"昆明市五华区","530102"
"昆明市呈贡区","530114"
"昆明市官渡区","530111"
"昆明市宜良县","530125"
"昆明市富民县","530124"
"昆明市寻甸回族彝族自治县","530129"
"昆明市嵩明县","530127"
"昆明市市辖区","530101"
"昆明市晋宁县","530122"
"昆明市盘龙区","530103"
"昆明市石林彝族自治县","530126"
"昆明市禄劝彝族苗族自治县","530128"
"昆明市西山区","530112"
"昌吉回族自治州","652300"
"昌吉市","652301"
"昌邑市","370786"
"明光市","341182"
"昭通市","530600"
"昭通市大关县","530624"
"昭通市威信县","530629"
"昭通市巧家县","530622"
"昭通市市辖区","530601"
"昭通市彝良县","530628"
"昭通市昭阳区","530602"
"昭通市水富县","530630"
"昭通市永善县","530625"
"昭通市盐津县","530623"
"昭通市绥江县","530626"
"昭通市镇雄县","530627"
"昭通市鲁甸县","530621"
"晋中市","140700"
"晋中市和顺县","140723"
"晋中市太谷县","140726"
"晋中市寿阳县","140725"
"晋中市左权县","140722"
"晋中市市辖区","140701"
"晋中市平遥县","140728"
"晋中市昔阳县","140724"
"晋中市榆次区","140702"
"晋中市榆社县","140721"
"晋中市灵石县","140729"
"晋中市祁县","140727"
"晋城市","140500"
"晋城市城区","140502"
"晋城市晋城市市辖区","140501"
"晋城市沁水县","140521"
"晋城市泽州县","140525"
"晋城市阳城县","140522"
"晋城市陵川县","140524"
"晋州市","130183"
"晋江市","350582"
"普兰店市","210282"
"普宁市","445281"
"普洱市","530800"
"普洱市墨江哈尼族自治县","530822"
"普洱市孟连傣族拉祜族佤族自治县","530827"
"普洱市宁洱哈尼族彝族自治县","530821"
"普洱市市辖区","530801"
"普洱市思茅区","530802"
"普洱市景东彝族自治县","530823"
"普洱市景谷傣族彝族自治县","530824"
"普洱市江城哈尼族彝族自治县","530826"
"普洱市澜沧拉祜族自治县","530828"
"普洱市西盟佤族自治县","530829"
"普洱市镇沅彝族哈尼族拉祜族自治县","530825"
"景德镇市","360200"
"景德镇市市辖区","360201"
"景德镇市昌江区","360202"
"景德镇市浮梁县","360222"
"景德镇市珠山区","360203"
"景洪市","532801"
"景洪市勐海县","532822"
"景洪市勐腊县","532823"
"曲阜市","370881"
"曲靖市","530300"
"曲靖市会泽县","530326"
"曲靖市富源县","530325"
"曲靖市市辖区","530301"
"曲靖市师宗县","530323"
"曲靖市沾益县","530328"
"曲靖市罗平县","530324"
"曲靖市陆良县","530322"
"曲靖市马龙县","530321"
"曲靖市麒麟区","530302"
"朔州市","140600"
"朔州市右玉县","140623"
"朔州市山阴县","140621"
"朔州市市辖区","140601"
"朔州市平鲁区","140603"
"朔州市应县","140622"
"朔州市怀仁县","140624"
"朔州市朔城区","140602"
"朝阳市","211300"
"朝阳市双塔区","211302"
"朝阳市喀喇沁左翼蒙古族自治县","211324"
"朝阳市市辖区","211301"
"朝阳市建平县","211322"
"朝阳市朝阳县","211321"
"朝阳市龙城区","211303"
"本溪市","210500"
"本溪市南芬区","210505"
"本溪市市辖区","210501"
"本溪市平山区","210502"
"本溪市明山区","210504"
"本溪市本溪满族自治县","210521"
"本溪市桓仁满族自治县","210522"
"本溪市溪湖区","210503"
"来宾市","451300"
"来宾市兴宾区","451302"
"来宾市市辖区","451301"
"来宾市忻城县","451321"
"来宾市武宣县","451323"
"来宾市象州县","451322"
"来宾市金秀瑶族自治县","451324"
"杭州市","330100"
"杭州市上城区","330102"
"杭州市下城区","330103"
"杭州市余杭区","330110"
"杭州市市辖区","330101"
"杭州市拱墅区","330105"
"杭州市桐庐县","330122"
"杭州市江干区","330104"
"杭州市淳安县","330127"
"杭州市滨江区","330108"
"杭州市萧山区","330109"
"杭州市西湖区","330106"
"杭锦后旗","150826"
"杭锦旗","150625"
"松原市","220700"
"松原市乾安县","220723"
"松原市前郭尔罗斯蒙古族自治县","220721"
"松原市宁江区","220702"
"松原市市辖区","220701"
"松原市扶余县","220724"
"松原市长岭县","220722"
"松滋市","421087"
"林州市","410581"
"果洛藏族自治州","632600"
"果洛藏族自治州久治县","632625"
"果洛藏族自治州玛多县","632626"
"果洛藏族自治州玛沁县","632621"
"果洛藏族自治州班玛县","632622"
"果洛藏族自治州甘德县","632623"
"果洛藏族自治州达日县","632624"
"枝江市","420583"
"枣庄市","370400"
"枣庄市台儿庄区","370405"
"枣庄市山亭区","370406"
"枣庄市峄城区","370404"
"枣庄市市中区","370402"
"枣庄市市辖区","370401"
"枣庄市薛城区","370403"
"枣阳市","420683"
"柳州市","450200"
"柳州市三江侗族自治县","450226"
"柳州市城中区","450202"
"柳州市市辖区","450201"
"柳州市柳北区","450205"
"柳州市柳南区","450204"
"柳州市柳城县","450222"
"柳州市柳江县","450221"
"柳州市融安县","450224"
"柳州市融水苗族自治县","450225"
"柳州市鱼峰区","450203"
"柳州市鹿寨县","450223"
"栖霞市","370686"
"株洲市","430200"
"株洲市天元区","430211"
"株洲市市辖区","430201"
"株洲市攸县","430223"
"株洲市株洲县","430221"
"株洲市炎陵县","430225"
"株洲市石峰区","430204"
"株洲市芦淞区","430203"
"株洲市茶陵县","430224"
"株洲市荷塘区","430202"
"根河市","150785"
"格尔木市","632801"
"桂平市","450881"
"桂林市","450300"
"桂林市七星区","450305"
"桂林市临桂县","450322"
"桂林市全州县","450324"
"桂林市兴安县","450325"
"桂林市叠彩区","450303"
"桂林市市辖区","450301"
"桂林市平乐县","450330"
"桂林市恭城瑶族自治县","450332"
"桂林市永福县","450326"
"桂林市灌阳县","450327"
"桂林市灵川县","450323"
"桂林市秀峰区","450302"
"桂林市荔浦县","450331"
"桂林市象山区","450304"
"桂林市资源县","450329"
"桂林市阳朔县","450321"
"桂林市雁山区","450311"
"桂林市龙胜各族自治县","450328"
"桐乡市","330483"
"桐城市","340881"
"桦甸市","220282"
"梅州市","441400"
"梅州市丰顺县","441423"
"梅州市五华县","441424"
"梅州市大埔县","441422"
"梅州市市辖区","441401"
"梅州市平远县","441426"
"梅州市梅县","441421"
"梅州市梅江区","441402"
"梅州市蕉岭县","441427"
"梅河口市","220581"
"梧州市","450400"
"梧州市万秀区","450403"
"梧州市市辖区","450401"
"梧州市苍梧县","450421"
"梧州市蒙山县","450423"
"梧州市藤县","450422"
"梧州市蝶山区","450404"
"梧州市长洲区","450405"
"楚雄市","532301"
"楚雄市元谋县","532328"
"楚雄市南华县","532324"
"楚雄市双柏县","532322"
"楚雄市大姚县","532326"
"楚雄市姚安县","532325"
"楚雄市武定县","532329"
"楚雄市永仁县","532327"
"楚雄市牟定县","532323"
"楚雄市禄丰县","532331"
"楚雄彝族自治州","532300"
"榆林市","610800"
"榆林市佳县","610828"
"榆林市吴堡县","610829"
"榆林市子洲县","610831"
"榆林市定边县","610825"
"榆林市市辖区","610801"
"榆林市府谷县","610822"
"榆林市榆阳区","610802"
"榆林市横山县","610823"
"榆林市清涧县","610830"
"榆林市神木县","610821"
"榆林市米脂县","610827"
"榆林市绥德县","610826"
"榆林市靖边县","610824"
"榆树市","220182"
"樟树市","360982"
"正蓝旗","152530"
"正蓝旗多伦县","152531"
"正镶白旗","152529"
"武冈市","430581"
"武夷山市","350782"
"武威市","620600"
"武威市凉州区","620602"
"武威市古浪县","620622"
"武威市天祝藏族自治县","620623"
"武威市市辖区","620601"
"武威市民勤县","620621"
"武安市","130481"
"武汉市","420100"
"武汉市东西湖区","420112"
"武汉市市辖区","420101"
"武汉市新洲区","420117"
"武汉市武昌区","420106"
"武汉市汉南区","420113"
"武汉市汉阳区","420105"
"武汉市江夏区","420115"
"武汉市江岸区","420102"
"武汉市江汉区","420103"
"武汉市洪山区","420111"
"武汉市硚口区","420104"
"武汉市蔡甸区","420114"
"武汉市青山区","420107"
"武汉市黄陂区","420116"
"武穴市","421182"
"毕节市","520500"
"毕节市七星关区","520502"
"毕节市大方县","520521"
"毕节市威宁彝族回族苗族自治县","520526"
"毕节市纳雍县","520525"
"毕节市织金县","520524"
"毕节市赫章县","520527"
"毕节市金沙县","520523"
"毕节市黔西县","520522"
"永城市","411481"
"永安市","350481"
"永州市","431100"
"永州市东安县","431122"
"永州市冷水滩区","431103"
"永州市双牌县","431123"
"永州市宁远县","431126"
"永州市市辖区","431101"
"永州市新田县","431128"
"永州市江华瑶族自治县","431129"
"永州市江永县","431125"
"永州市祁阳县","431121"
"永州市蓝山县","431127"
"永州市道县","431124"
"永州市零陵区","431102"
"永康市","330784"
"永济市","140881"
"汉中市","610700"
"汉中市佛坪县","610730"
"汉中市勉县","610725"
"汉中市南郑县","610721"
"汉中市城固县","610722"
"汉中市宁强县","610726"
"汉中市市辖区","610701"
"汉中市汉台区","610702"
"汉中市洋县","610723"
"汉中市留坝县","610729"
"汉中市略阳县","610727"
"汉中市西乡县","610724"
"汉中市镇巴县","610728"
"汉川市","420984"
"汕头市","440500"
"汕头市南澳县","440523"
"汕头市市辖区","440501"
"汕头市潮南区","440514"
"汕头市潮阳区","440513"
"汕头市澄海区","440515"
"汕头市濠江区","440512"
"汕头市金平区","440511"
"汕头市龙湖区","440507"
"汕尾市","441500"
"汕尾市城区","441502"
"汕尾市市辖区","441501"
"汕尾市海丰县","441521"
"汕尾市陆河县","441523"
"汝州市","410482"
"江山市","330881"
"江油市","510781"
"江苏省","320000"
"江西省","360000"
"江门市","440700"
"江门市市辖区","440701"
"江门市新会区","440705"
"江门市江海区","440704"
"江门市蓬江区","440703"
"江阴市","320281"
"池州市","341700"
"池州市东至县","341721"
"池州市市辖区","341701"
"池州市石台县","341722"
"池州市贵池区","341702"
"池州市青阳县","341723"
"汨罗市","430681"
"汾阳市","141182"
"沁阳市","410882"
"沅江市","430981"
"沈阳市","210100"
"沈阳市东陵区","210112"
"沈阳市于洪区","210114"
"沈阳市和平区","210102"
"沈阳市大东区","210104"
"沈阳市市辖区","210101"
"沈阳市康平县","210123"
"沈阳市沈北新区","210113"
"沈阳市沈河区","210103"
"沈阳市法库县","210124"
"沈阳市皇姑区","210105"
"沈阳市苏家屯区","210111"
"沈阳市辽中县","210122"
"沈阳市铁西区","210106"
"沙河市","130582"
"沧州市","130900"
"沧州市东光县","130923"
"沧州市南皮县","130927"
"沧州市吴桥县","130928"
"沧州市孟村回族自治县","130930"
"沧州市市辖区","130901"
"沧州市新华区","130902"
"沧州市沧县","130921"
"沧州市海兴县","130924"
"沧州市献县","130929"
"沧州市盐山县","130925"
"沧州市肃宁县","130926"
"沧州市运河区","130903"
"沧州市青县","130922"
"河北省","130000"
"河南省","410000"
"河池市","451200"
"河池市东兰县","451224"
"河池市凤山县","451223"
"河池市南丹县","451221"
"河池市大化瑶族自治县","451229"
"河池市天峨县","451222"
"河池市巴马瑶族自治县","451227"
"河池市市辖区","451201"
"河池市环江毛南族自治县","451226"
"河池市罗城仫佬族自治县","451225"
"河池市都安瑶族自治县","451228"
"河池市金城江区","451202"
"河津市","140882"
"河源市","441600"
"河源市东源县","441625"
"河源市和平县","441624"
"河源市市辖区","441601"
"河源市源城区","441602"
"河源市紫金县","441621"
"河源市连平县","441623"
"河源市龙川县","441622"
"河间市","130984"
"泉州市","350500"
"泉州市丰泽区","350503"
"泉州市安溪县","350524"
"泉州市市辖区","350501"
"泉州市德化县","350526"
"泉州市惠安县","350521"
"泉州市永春县","350525"
"泉州市泉港区","350505"
"泉州市洛江区","350504"
"泉州市金门县","350527"
"泉州市鲤城区","350502"
"泊头市","130981"
"泰兴市","321283"
"泰安市","370900"
"泰安市东平县","370923"
"泰安市宁阳县","370921"
"泰安市岱岳区","370911"
"泰安市市辖区","370901"
"泰安市泰山区","370902"
"泰州市","321200"
"泰州市市辖区","321201"
"泰州市海陵区","321202"
"泰州市高港区","321203"
"泸州市","510500"
"泸州市叙永县","510524"
"泸州市古蔺县","510525"
"泸州市合江县","510522"
"泸州市市辖区","510501"
"泸州市江阳区","510502"
"泸州市泸县","510521"
"泸州市纳溪区","510503"
"泸州市龙马潭区","510504"
"洛阳市","410300"
"洛阳市伊川县","410329"
"洛阳市吉利区","410306"
"洛阳市孟津县","410322"
"洛阳市宜阳县","410327"
"洛阳市嵩县","410325"
"洛阳市市辖区","410301"
"洛阳市新安县","410323"
"洛阳市栾川县","410324"
"洛阳市汝阳县","410326"
"洛阳市洛宁县","410328"
"洛阳市洛龙区","410311"
"洛阳市涧西区","410305"
"洛阳市瀍河回族区","410304"
"洛阳市老城区","410302"
"洛阳市西工区","410303"
"津市市","430781"
"洪江市","431281"
"洪湖市","421083"
"洮南市","220881"
"济南市","370100"
"济南市历下区","370102"
"济南市历城区","370112"
"济南市商河县","370126"
"济南市天桥区","370105"
"济南市市中区","370103"
"济南市市辖区","370101"
"济南市平阴县","370124"
"济南市槐荫区","370104"
"济南市济阳县","370125"
"济南市长清区","370113"
"济宁市","370800"
"济宁市任城区","370811"
"济宁市嘉祥县","370829"
"济宁市市中区","370802"
"济宁市市辖区","370801"
"济宁市微山县","370826"
"济宁市梁山县","370832"
"济宁市汶上县","370830"
"济宁市泗水县","370831"
"济宁市金乡县","370828"
"济宁市鱼台县","370827"
"济源市","419001"
"浏阳市","430181"
"浙江省","330000"
"海伦市","231283"
"海伦市呼玛县","232721"
"海伦市塔河县","232722"
"海伦市大兴安岭地区","232700"
"海伦市漠河县","232723"
"海北藏族自治州","632200"
"海北藏族自治州刚察县","632224"
"海北藏族自治州海晏县","632223"
"海北藏族自治州祁连县","632222"
"海北藏族自治州门源回族自治县","632221"
"海南省","460000"
"海南藏族自治州","632500"
"海南藏族自治州共和县","632521"
"海南藏族自治州兴海县","632524"
"海南藏族自治州同德县","632522"
"海南藏族自治州贵南县","632525"
"海南藏族自治州贵德县","632523"
"海口市","460100"
"海口市市辖区","460101"
"海口市琼山区","460107"
"海口市秀英区","460105"
"海口市美兰区","460108"
"海口市龙华区","460106"
"海城市","210381"
"海宁市","330481"
"海林市","231083"
"海西蒙古族藏族自治州","632800"
"海门市","320684"
"海阳市","370687"
"涟源市","431382"
"涿州市","130681"
"淄博市","370300"
"淄博市临淄区","370305"
"淄博市博山区","370304"
"淄博市周村区","370306"
"淄博市市辖区","370301"
"淄博市张店区","370303"
"淄博市桓台县","370321"
"淄博市沂源县","370323"
"淄博市淄川区","370302"
"淄博市高青县","370322"
"淮北市","340600"
"淮北市市辖区","340601"
"淮北市杜集区","340602"
"淮北市濉溪县","340621"
"淮北市烈山区","340604"
"淮北市相山区","340603"
"淮南市","340400"
"淮南市八公山区","340405"
"淮南市凤台县","340421"
"淮南市大通区","340402"
"淮南市市辖区","340401"
"淮南市潘集区","340406"
"淮南市田家庵区","340403"
"淮南市谢家集区","340404"
"淮安市","320800"
"淮安市市辖区","320801"
"淮安市洪泽县","320829"
"淮安市涟水县","320826"
"淮安市淮安区","320803"
"淮安市淮阴区","320804"
"淮安市清河区","320802"
"淮安市清浦区","320811"
"淮安市盱眙县","320830"
"淮安市金湖县","320831"
"深圳市","440300"
"深圳市南山区","440305"
"深圳市宝安区","440306"
"深圳市市辖区","440301"
"深圳市盐田区","440308"
"深圳市福田区","440304"
"深圳市罗湖区","440303"
"深圳市龙岗区","440307"
"深州市","131182"
"清远市","441800"
"清远市佛冈县","441821"
"清远市市辖区","441801"
"清远市清城区","441802"
"清远市清新县","441827"
"清远市连南瑶族自治县","441826"
"清远市连山壮族瑶族自治县","441825"
"清远市阳山县","441823"
"清镇市","520181"
"温岭市","331081"
"温州市","330300"
"温州市市辖区","330301"
"温州市平阳县","330326"
"温州市文成县","330328"
"温州市永嘉县","330324"
"温州市泰顺县","330329"
"温州市洞头县","330322"
"温州市瓯海区","330304"
"温州市苍南县","330327"
"温州市鹿城区","330302"
"温州市龙湾区","330303"
"渭南市","610500"
"渭南市临渭区","610502"
"渭南市华县","610521"
"渭南市合阳县","610524"
"渭南市大荔县","610523"
"渭南市富平县","610528"
"渭南市市辖区","610501"
"渭南市潼关县","610522"
"渭南市澄城县","610525"
"渭南市白水县","610527"
"渭南市蒲城县","610526"
"湖北省","420000"
"湖南省","430000"
"湖州市","330500"
"湖州市南浔区","330503"
"湖州市吴兴区","330502"
"湖州市安吉县","330523"
"湖州市市辖区","330501"
"湖州市德清县","330521"
"湖州市长兴县","330522"
"湘乡市","430381"
"湘潭市","430300"
"湘潭市岳塘区","430304"
"湘潭市市辖区","430301"
"湘潭市湘潭县","430321"
"湘潭市雨湖区","430302"
"湘西土家族苗族自治州","433100"
"湛江市","440800"
"湛江市坡头区","440804"
"湛江市市辖区","440801"
"湛江市徐闻县","440825"
"湛江市赤坎区","440802"
"湛江市遂溪县","440823"
"湛江市霞山区","440803"
"湛江市麻章区","440811"
"溧阳市","320481"
"滁州市","341100"
"滁州市全椒县","341124"
"滁州市凤阳县","341126"
"滁州市南谯区","341103"
"滁州市定远县","341125"
"滁州市市辖区","341101"
"滁州市来安县","341122"
"滁州市琅琊区","341102"
"滕州市","370481"
"满洲里市","150781"
"滨州市","371600"
"滨州市博兴县","371625"
"滨州市市辖区","371601"
"滨州市惠民县","371621"
"滨州市无棣县","371623"
"滨州市沾化县","371624"
"滨州市滨城区","371602"
"滨州市邹平县","371626"
"滨州市阳信县","371622"
"漯河市","411100"
"漯河市临颍县","411122"
"漯河市召陵区","411104"
"漯河市市辖区","411101"
"漯河市源汇区","411102"
"漯河市舞阳县","411121"
"漯河市郾城区","411103"
"漳州市","350600"
"漳州市东山县","350626"
"漳州市云霄县","350622"
"漳州市华安县","350629"
"漳州市南靖县","350627"
"漳州市市辖区","350601"
"漳州市平和县","350628"
"漳州市漳浦县","350623"
"漳州市芗城区","350602"
"漳州市诏安县","350624"
"漳州市长泰县","350625"
"漳州市龙文区","350603"
"漳平市","350881"
"潍坊市","370700"
"潍坊市临朐县","370724"
"潍坊市坊子区","370704"
"潍坊市奎文区","370705"
"潍坊市寒亭区","370703"
"潍坊市市辖区","370701"
"潍坊市昌乐县","370725"
"潍坊市潍城区","370702"
"潜江市","429005"
"潞城市","140481"
"潮州市","445100"
"潮州市市辖区","445101"
"潮州市湘桥区","445102"
"潮州市潮安县","445121"
"潮州市饶平县","445122"
"澳门特别行政区","820000"
"濮阳市","410900"
"濮阳市华龙区","410902"
"濮阳市南乐县","410923"
"濮阳市台前县","410927"
"濮阳市市辖区","410901"
"濮阳市清丰县","410922"
"濮阳市濮阳县","410928"
"濮阳市范县","410926"
"灯塔市","211081"
"灵宝市","411282"
"灵武市","640181"
"烟台市","370600"
"烟台市市辖区","370601"
"烟台市牟平区","370612"
"烟台市福山区","370611"
"烟台市芝罘区","370602"
"烟台市莱山区","370613"
"烟台市长岛县","370634"
"焦作市","410800"
"焦作市中站区","410803"
"焦作市修武县","410821"
"焦作市博爱县","410822"
"焦作市山阳区","410811"
"焦作市市辖区","410801"
"焦作市武陟县","410823"
"焦作市温县","410825"
"焦作市解放区","410802"
"焦作市马村区","410804"
"牙克石市","150782"
"牡丹江市","231000"
"牡丹江市东宁县","231024"
"牡丹江市东安区","231002"
"牡丹江市市辖区","231001"
"牡丹江市林口县","231025"
"牡丹江市爱民区","231004"
"牡丹江市西安区","231005"
"牡丹江市阳明区","231003"
"玉林市","450900"
"玉林市兴业县","450924"
"玉林市博白县","450923"
"玉林市容县","450921"
"玉林市市辖区","450901"
"玉林市玉州区","450902"
"玉林市陆川县","450922"
"玉树藏族自治州","632700"
"玉树藏族自治州囊谦县","632725"
"玉树藏族自治州曲麻莱县","632726"
"玉树藏族自治州杂多县","632722"
"玉树藏族自治州治多县","632724"
"玉树藏族自治州玉树县","632721"
"玉树藏族自治州称多县","632723"
"玉溪市","530400"
"玉溪市元江哈尼族彝族傣族自治县","530428"
"玉溪市华宁县","530424"
"玉溪市峨山彝族自治县","530426"
"玉溪市新平彝族傣族自治县","530427"
"玉溪市易门县","530425"
"玉溪市江川县","530421"
"玉溪市澄江县","530422"
"玉溪市红塔区","530402"
"玉溪市通海县","530423"
"玉门市","620981"
"珠海市","440400"
"珠海市市辖区","440401"
"珠海市斗门区","440403"
"珠海市金湾区","440404"
"珠海市香洲区","440402"
"珲春市","222404"
"琼海市","469002"
"瑞丽市","533102"
"瑞安市","330381"
"瑞昌市","360481"
"瑞金市","360781"
"瓦房店市","210281"
"甘南藏族自治州","623000"
"甘孜藏族自治州","513300"
"甘孜藏族自治州丹巴县","513323"
"甘孜藏族自治州九龙县","513324"
"甘孜藏族自治州乡城县","513336"
"甘孜藏族自治州巴塘县","513335"
"甘孜藏族自治州康定县","513321"
"甘孜藏族自治州得荣县","513338"
"甘孜藏族自治州德格县","513330"
"甘孜藏族自治州新龙县","513329"
"甘孜藏族自治州泸定县","513322"
"甘孜藏族自治州炉霍县","513327"
"甘孜藏族自治州理塘县","513334"
"甘孜藏族自治州甘孜县","513328"
"甘孜藏族自治州白玉县","513331"
"甘孜藏族自治州石渠县","513332"
"甘孜藏族自治州稻城县","513337"
"甘孜藏族自治州色达县","513333"
"甘孜藏族自治州道孚县","513326"
"甘孜藏族自治州雅江县","513325"
"甘肃省","620000"
"界首市","341282"
"登封市","410185"
"白城市","220800"
"白城市市辖区","220801"
"白城市洮北区","220802"
"白城市通榆县","220822"
"白城市镇赉县","220821"
"白山市","220600"
"白山市市辖区","220601"
"白山市抚松县","220621"
"白山市江源区","220605"
"白山市浑江区","220602"
"白山市长白朝鲜族自治县","220623"
"白山市靖宇县","220622"
"白银市","620400"
"白银市会宁县","620422"
"白银市市辖区","620401"
"白银市平川区","620403"
"白银市景泰县","620423"
"白银市白银区","620402"
"白银市靖远县","620421"
"百色市","451000"
"百色市乐业县","451028"
"百色市凌云县","451027"
"百色市右江区","451002"
"百色市市辖区","451001"
"百色市平果县","451023"
"百色市德保县","451024"
"百色市田东县","451022"
"百色市田林县","451029"
"百色市田阳县","451021"
"百色市西林县","451030"
"百色市那坡县","451026"
"百色市隆林各族自治县","451031"
"百色市靖西县","451025"
"益阳市","430900"
"益阳市南县","430921"
"益阳市安化县","430923"
"益阳市市辖区","430901"
"益阳市桃江县","430922"
"益阳市资阳区","430902"
"益阳市赫山区","430903"
"盐城市","320900"
"盐城市亭湖区","320902"
"盐城市响水县","320921"
"盐城市射阳县","320924"
"盐城市市辖区","320901"
"盐城市建湖县","320925"
"盐城市滨海县","320922"
"盐城市盐都区","320903"
"盐城市阜宁县","320923"
"盖州市","210881"
"盘锦市","211100"
"盘锦市兴隆台区","211103"
"盘锦市双台子区","211102"
"盘锦市大洼县","211121"
"盘锦市市辖区","211101"
"盘锦市盘山县","211122"
"省直辖县级行政区划","469000"
"眉山市","511400"
"眉山市东坡区","511402"
"眉山市丹棱县","511424"
"眉山市仁寿县","511421"
"眉山市市辖区","511401"
"眉山市彭山县","511422"
"眉山市洪雅县","511423"
"眉山市青神县","511425"
"石嘴山市","640200"
"石嘴山市大武口区","640202"
"石嘴山市市辖区","640201"
"石嘴山市平罗县","640221"
"石嘴山市惠农区","640205"
"石家庄市","130100"
"石家庄市井陉县","130121"
"石家庄市井陉矿区","130107"
"石家庄市元氏县","130132"
"石家庄市市辖区","130101"
"石家庄市平山县","130131"
"石家庄市新华区","130105"
"石家庄市无极县","130130"
"石家庄市栾城县","130124"
"石家庄市桥东区","130103"
"石家庄市桥西区","130104"
"石家庄市正定县","130123"
"石家庄市深泽县","130128"
"石家庄市灵寿县","130126"
"石家庄市行唐县","130125"
"石家庄市裕华区","130108"
"石家庄市赞皇县","130129"
"石家庄市赵县","130133"
"石家庄市长安区","130102"
"石家庄市高邑县","130127"
"石河子市","659001"
"石狮市","350581"
"石首市","421081"
"磐石市","220284"
"福安市","350981"
"福州市","350100"
"福州市仓山区","350104"
"福州市台江区","350103"
"福州市市辖区","350101"
"福州市平潭县","350128"
"福州市晋安区","350111"
"福州市永泰县","350125"
"福州市罗源县","350123"
"福州市连江县","350122"
"福州市闽侯县","350121"
"福州市闽清县","350124"
"福州市马尾区","350105"
"福州市鼓楼区","350102"
"福建省","350000"
"福泉市","522702"
"福泉市三都水族自治县","522732"
"福泉市平塘县","522727"
"福泉市惠水县","522731"
"福泉市独山县","522726"
"福泉市瓮安县","522725"
"福泉市罗甸县","522728"
"福泉市荔波县","522722"
"福泉市贵定县","522723"
"福泉市长顺县","522729"
"福泉市龙里县","522730"
"福清市","350181"
"福鼎市","350982"
"禹城市","371482"
"禹州市","411081"
"科尔沁右翼中旗","152222"
"科尔沁右翼前旗","152221"
"科尔沁左翼中旗","150521"
"科尔沁左翼后旗","150522"
"科尔沁左翼后旗开鲁县","150523"
"秦皇岛市","130300"
"秦皇岛市北戴河区","130304"
"秦皇岛市卢龙县","130324"
"秦皇岛市山海关区","130303"
"秦皇岛市市辖区","130301"
"秦皇岛市抚宁县","130323"
"秦皇岛市昌黎县","130322"
"秦皇岛市海港区","130302"
"秦皇岛市青龙满族自治县","130321"
"穆棱市","231085"
"章丘市","370181"
"简阳市","512081"
"红河哈尼族彝族自治州","532500"
"绍兴市","330600"
"绍兴市市辖区","330601"
"绍兴市新昌县","330624"
"绍兴市绍兴县","330621"
"绍兴市越城区","330602"
"绥化市","231200"
"绥化市兰西县","231222"
"绥化市北林区","231202"
"绥化市市辖区","231201"
"绥化市庆安县","231224"
"绥化市明水县","231225"
"绥化市望奎县","231221"
"绥化市绥棱县","231226"
"绥化市青冈县","231223"
"绥芬河市","231081"
"绵竹市","510683"
"绵阳市","510700"
"绵阳市三台县","510722"
"绵阳市北川羌族自治县","510726"
"绵阳市安县","510724"
"绵阳市市辖区","510701"
"绵阳市平武县","510727"
"绵阳市梓潼县","510725"
"绵阳市涪城区","510703"
"绵阳市游仙区","510704"
"绵阳市盐亭县","510723"
"罗定市","445381"
"翁牛特旗","150426"
"老河口市","420682"
"耒阳市","430481"
"聊城市","371500"
"聊城市东昌府区","371502"
"聊城市东阿县","371524"
"聊城市冠县","371525"
"聊城市市辖区","371501"
"聊城市茌平县","371523"
"聊城市莘县","371522"
"聊城市阳谷县","371521"
"聊城市高唐县","371526"
"肇东市","231282"
"肇庆市","441200"
"肇庆市封开县","441225"
"肇庆市市辖区","441201"
"肇庆市广宁县","441223"
"肇庆市德庆县","441226"
"肇庆市怀集县","441224"
"肇庆市端州区","441202"
"肇庆市鼎湖区","441203"
"肥城市","370983"
"胶南市","370284"
"胶州市","370281"
"自贡市","510300"
"自贡市大安区","510304"
"自贡市富顺县","510322"
"自贡市市辖区","510301"
"自贡市沿滩区","510311"
"自贡市自流井区","510302"
"自贡市荣县","510321"
"自贡市贡井区","510303"
"舒兰市","220283"
"舞钢市","410481"
"舟山市","330900"
"舟山市定海区","330902"
"舟山市岱山县","330921"
"舟山市嵊泗县","330922"
"舟山市市辖区","330901"
"舟山市普陀区","330903"
"芒市","533103"
"芒市梁河县","533122"
"芒市盈江县","533123"
"芒市陇川县","533124"
"芜湖市","340200"
"芜湖市三山区","340208"
"芜湖市南陵县","340223"
"芜湖市市辖区","340201"
"芜湖市弋江区","340203"
"芜湖市无为县","340225"
"芜湖市繁昌县","340222"
"芜湖市芜湖县","340221"
"芜湖市镜湖区","340202"
"芜湖市鸠江区","340207"
"苏尼特右旗","152524"
"苏尼特左旗","152523"
"苏州市","320500"
"苏州市吴中区","320506"
"苏州市吴江区","320509"
"苏州市姑苏区","320508"
"苏州市市辖区","320501"
"苏州市相城区","320507"
"苏州市虎丘区","320505"
"英德市","441881"
"茂名市","440900"
"茂名市市辖区","440901"
"茂名市电白县","440923"
"茂名市茂南区","440902"
"茂名市茂港区","440903"
"荆州市","421000"
"荆州市公安县","421022"
"荆州市市辖区","421001"
"荆州市江陵县","421024"
"荆州市沙市区","421002"
"荆州市监利县","421023"
"荆州市荆州区","421003"
"荆门市","420800"
"荆门市东宝区","420802"
"荆门市京山县","420821"
"荆门市市辖区","420801"
"荆门市掇刀区","420804"
"荆门市沙洋县","420822"
"荣成市","371082"
"荥阳市","410182"
"莆田市","350300"
"莆田市仙游县","350322"
"莆田市城厢区","350302"
"莆田市市辖区","350301"
"莆田市涵江区","350303"
"莆田市秀屿区","350305"
"莆田市荔城区","350304"
"莫力达瓦达斡尔族自治旗","150722"
"莱州市","370683"
"莱芜市","371200"
"莱芜市市辖区","371201"
"莱芜市莱城区","371202"
"莱芜市钢城区","371203"
"莱西市","370285"
"莱阳市","370682"
"菏泽市","371700"
"菏泽市东明县","371728"
"菏泽市单县","371722"
"菏泽市定陶县","371727"
"菏泽市巨野县","371724"
"菏泽市市辖区","371701"
"菏泽市成武县","371723"
"菏泽市曹县","371721"
"菏泽市牡丹区","371702"
"菏泽市郓城县","371725"
"菏泽市鄄城县","371726"
"萍乡市","360300"
"萍乡市上栗县","360322"
"萍乡市安源区","360302"
"萍乡市市辖区","360301"
"萍乡市湘东区","360313"
"萍乡市芦溪县","360323"
"萍乡市莲花县","360321"
"营口市","210800"
"营口市市辖区","210801"
"营口市站前区","210802"
"营口市老边区","210811"
"营口市西市区","210803"
"营口市鲅鱼圈区","210804"
"葫芦岛市","211400"
"葫芦岛市南票区","211404"
"葫芦岛市市辖区","211401"
"葫芦岛市建昌县","211422"
"葫芦岛市绥中县","211421"
"葫芦岛市连山区","211402"
"葫芦岛市龙港区","211403"
"蒙自市","532503"
"蒙自市元阳县","532528"
"蒙自市屏边苗族自治县","532523"
"蒙自市建水县","532524"
"蒙自市弥勒县","532526"
"蒙自市河口瑶族自治县","532532"
"蒙自市泸西县","532527"
"蒙自市石屏县","532525"
"蒙自市红河县","532529"
"蒙自市绿春县","532531"
"蒙自市金平苗族瑶族傣族自治县","532530"
"蓬莱市","370684"
"藁城市","130182"
"虎林市","230381"
"蚌埠市","340300"
"蚌埠市五河县","340322"
"蚌埠市固镇县","340323"
"蚌埠市市辖区","340301"
"蚌埠市怀远县","340321"
"蚌埠市淮上区","340311"
"蚌埠市禹会区","340304"
"蚌埠市蚌山区","340303"
"蚌埠市龙子湖区","340302"
"蛟河市","220281"
"衡水市","131100"
"衡水市安平县","131125"
"衡水市市辖区","131101"
"衡水市故城县","131126"
"衡水市景县","131127"
"衡水市枣强县","131121"
"衡水市桃城区","131102"
"衡水市武强县","131123"
"衡水市武邑县","131122"
"衡水市阜城县","131128"
"衡水市饶阳县","131124"
"衡阳市","430400"
"衡阳市南岳区","430412"
"衡阳市市辖区","430401"
"衡阳市珠晖区","430405"
"衡阳市石鼓区","430407"
"衡阳市祁东县","430426"
"衡阳市蒸湘区","430408"
"衡阳市衡东县","430424"
"衡阳市衡南县","430422"
"衡阳市衡山县","430423"
"衡阳市衡阳县","430421"
"衡阳市雁峰区","430406"
"衢州市","330800"
"衢州市市辖区","330801"
"衢州市常山县","330822"
"衢州市开化县","330824"
"衢州市柯城区","330802"
"衢州市衢江区","330803"
"衢州市龙游县","330825"
"襄阳市","420600"
"襄阳市保康县","420626"
"襄阳市南漳县","420624"
"襄阳市市辖区","420601"
"襄阳市樊城区","420606"
"襄阳市襄城区","420602"
"襄阳市襄州区","420607"
"襄阳市谷城县","420625"
"西乌珠穆沁旗","152526"
"西双版纳傣族自治州","532800"
"西宁市","630100"
"西宁市乐都县","632123"
"西宁市互助土族自治县","632126"
"西宁市化隆回族自治县","632127"
"西宁市城东区","630102"
"西宁市城中区","630103"
"西宁市城北区","630105"
"西宁市城西区","630104"
"西宁市大通回族土族自治县","630121"
"西宁市市辖区","630101"
"西宁市平安县","632121"
"西宁市循化撒拉族自治县","632128"
"西宁市民和回族土族自治县","632122"
"西宁市海东地区","632100"
"西宁市湟中县","630122"
"西宁市湟源县","630123"
"西安市","610100"
"西安市临潼区","610115"
"西安市周至县","610124"
"西安市市辖区","610101"
"西安市户县","610125"
"西安市新城区","610102"
"西安市未央区","610112"
"西安市灞桥区","610111"
"西安市碑林区","610103"
"西安市莲湖区","610104"
"西安市蓝田县","610122"
"西安市长安区","610116"
"西安市阎良区","610114"
"西安市雁塔区","610113"
"西安市高陵县","610126"
"西昌市","513401"
"西昌市会东县","513426"
"西昌市会理县","513425"
"西昌市冕宁县","513433"
"西昌市喜德县","513432"
"西昌市宁南县","513427"
"西昌市布拖县","513429"
"西昌市德昌县","513424"
"西昌市昭觉县","513431"
"西昌市普格县","513428"
"西昌市木里藏族自治县","513422"
"西昌市甘洛县","513435"
"西昌市盐源县","513423"
"西昌市美姑县","513436"
"西昌市越西县","513434"
"西昌市金阳县","513430"
"西昌市雷波县","513437"
"西沙群岛","460321"
"西藏自治区","540000"
"讷河市","230281"
"许昌市","411000"
"许昌市市辖区","411001"
"许昌市襄城县","411025"
"许昌市许昌县","411023"
"许昌市鄢陵县","411024"
"许昌市魏都区","411002"
"诸城市","370782"
"诸暨市","330681"
"调兵山市","211281"
"贵州省","520000"
"贵港市","450800"
"贵港市市辖区","450801"
"贵港市平南县","450821"
"贵港市港北区","450802"
"贵港市港南区","450803"
"贵港市覃塘区","450804"
"贵溪市","360681"
"贵阳市","520100"
"贵阳市乌当区","520112"
"贵阳市云岩区","520103"
"贵阳市修文县","520123"
"贵阳市南明区","520102"
"贵阳市小河区","520114"
"贵阳市市辖区","520101"
"贵阳市开阳县","520121"
"贵阳市息烽县","520122"
"贵阳市白云区","520113"
"贵阳市花溪区","520111"
"贺州市","451100"
"贺州市八步区","451102"
"贺州市富川瑶族自治县","451123"
"贺州市市辖区","451101"
"贺州市昭平县","451121"
"贺州市钟山县","451122"
"资兴市","431081"
"资阳市","512000"
"资阳市乐至县","512022"
"资阳市安岳县","512021"
"资阳市市辖区","512001"
"资阳市雁江区","512002"
"赣州市","360700"
"赣州市上犹县","360724"
"赣州市于都县","360731"
"赣州市会昌县","360733"
"赣州市信丰县","360722"
"赣州市全南县","360729"
"赣州市兴国县","360732"
"赣州市大余县","360723"
"赣州市宁都县","360730"
"赣州市安远县","360726"
"赣州市定南县","360728"
"赣州市寻乌县","360734"
"赣州市崇义县","360725"
"赣州市市辖区","360701"
"赣州市石城县","360735"
"赣州市章贡区","360702"
"赣州市赣县","360721"
"赣州市龙南县","360727"
"赤壁市","421281"
"赤峰市","150400"
"赤峰市元宝山区","150403"
"赤峰市市辖区","150401"
"赤峰市松山区","150404"
"赤峰市红山区","150402"
"赤水市","520381"
"辛集市","130181"
"辽宁省","210000"
"辽源市","220400"
"辽源市东丰县","220421"
"辽源市东辽县","220422"
"辽源市市辖区","220401"
"辽源市西安区","220403"
"辽源市龙山区","220402"
"辽阳市","211000"
"辽阳市太子河区","211011"
"辽阳市宏伟区","211004"
"辽阳市市辖区","211001"
"辽阳市弓长岭区","211005"
"辽阳市文圣区","211003"
"辽阳市白塔区","211002"
"辽阳市辽阳县","211021"
"达尔罕茂明安联合旗","150223"
"达州市","511700"
"达州市大竹县","511724"
"达州市宣汉县","511722"
"达州市市辖区","511701"
"达州市开江县","511723"
"达州市渠县","511725"
"达州市达县","511721"
"达州市通川区","511702"
"达拉特旗","150621"
"迁安市","130283"
"运城市","140800"
"运城市万荣县","140822"
"运城市临猗县","140821"
"运城市垣曲县","140827"
"运城市夏县","140828"
"运城市市辖区","140801"
"运城市平陆县","140829"
"运城市新绛县","140825"
"运城市盐湖区","140802"
"运城市稷山县","140824"
"运城市绛县","140826"
"运城市芮城县","140830"
"运城市闻喜县","140823"
"连云港市","320700"
"连云港市东海县","320722"
"连云港市市辖区","320701"
"连云港市新浦区","320705"
"连云港市海州区","320706"
"连云港市灌云县","320723"
"连云港市灌南县","320724"
"连云港市赣榆县","320721"
"连云港市连云区","320703"
"连州市","441882"
"迪庆藏族自治州","533400"
"迪庆藏族自治州德钦县","533422"
"迪庆藏族自治州维西傈僳族自治县","533423"
"迪庆藏族自治州香格里拉县","533421"
"通化市","220500"
"通化市东昌区","220502"
"通化市二道江区","220503"
"通化市市辖区","220501"
"通化市柳河县","220524"
"通化市辉南县","220523"
"通化市通化县","220521"
"通辽市","150500"
"通辽市市辖区","150501"
"通辽市科尔沁区","150502"
"遂宁市","510900"
"遂宁市大英县","510923"
"遂宁市安居区","510904"
"遂宁市射洪县","510922"
"遂宁市市辖区","510901"
"遂宁市船山区","510903"
"遂宁市蓬溪县","510921"
"遵义市","520300"
"遵义市习水县","520330"
"遵义市余庆县","520329"
"遵义市凤冈县","520327"
"遵义市务川仡佬族苗族自治县","520326"
"遵义市市辖区","520301"
"遵义市桐梓县","520322"
"遵义市正安县","520324"
"遵义市汇川区","520303"
"遵义市湄潭县","520328"
"遵义市红花岗区","520302"
"遵义市绥阳县","520323"
"遵义市道真仡佬族苗族自治县","520325"
"遵义市遵义县","520321"
"遵化市","130281"
"邓州市","411381"
"邛崃市","510183"
"邢台市","130500"
"邢台市临城县","130522"
"邢台市临西县","130535"
"邢台市任县","130526"
"邢台市内丘县","130523"
"邢台市南和县","130527"
"邢台市威县","130533"
"邢台市宁晋县","130528"
"邢台市巨鹿县","130529"
"邢台市市辖区","130501"
"邢台市平乡县","130532"
"邢台市广宗县","130531"
"邢台市新河县","130530"
"邢台市柏乡县","130524"
"邢台市桥东区","130502"
"邢台市桥西区","130503"
"邢台市清河县","130534"
"邢台市邢台县","130521"
"邢台市隆尧县","130525"
"邯郸市","130400"
"邯郸市丛台区","130403"
"邯郸市临漳县","130423"
"邯郸市复兴区","130404"
"邯郸市大名县","130425"
"邯郸市峰峰矿区","130406"
"邯郸市市辖区","130401"
"邯郸市广平县","130432"
"邯郸市成安县","130424"
"邯郸市曲周县","130435"
"邯郸市永年县","130429"
"邯郸市涉县","130426"
"邯郸市磁县","130427"
"邯郸市肥乡县","130428"
"邯郸市邯山区","130402"
"邯郸市邯郸县","130421"
"邯郸市邱县","130430"
"邯郸市馆陶县","130433"
"邯郸市魏县","130434"
"邯郸市鸡泽县","130431"
"邳州市","320382"
"邵武市","350781"
"邵阳市","430500"
"邵阳市北塔区","430511"
"邵阳市双清区","430502"
"邵阳市城步苗族自治县","430529"
"邵阳市大祥区","430503"
"邵阳市市辖区","430501"
"邵阳市新宁县","430528"
"邵阳市新邵县","430522"
"邵阳市洞口县","430525"
"邵阳市绥宁县","430527"
"邵阳市邵东县","430521"
"邵阳市邵阳县","430523"
"邵阳市隆回县","430524"
"邹城市","370883"
"郑州市","410100"
"郑州市上街区","410106"
"郑州市中原区","410102"
"郑州市中牟县","410122"
"郑州市二七区","410103"
"郑州市市辖区","410101"
"郑州市惠济区","410108"
"郑州市管城回族区","410104"
"郑州市金水区","410105"
"郴州市","431000"
"郴州市临武县","431025"
"郴州市北湖区","431002"
"郴州市嘉禾县","431024"
"郴州市安仁县","431028"
"郴州市宜章县","431022"
"郴州市市辖区","431001"
"郴州市桂东县","431027"
"郴州市桂阳县","431021"
"郴州市永兴县","431023"
"郴州市汝城县","431026"
"郴州市苏仙区","431003"
"都匀市","522701"
"都江堰市","510181"
"鄂伦春自治旗","150723"
"鄂尔多斯市","150600"
"鄂尔多斯市东胜区","150602"
"鄂尔多斯市市辖区","150601"
"鄂州市","420700"
"鄂州市华容区","420703"
"鄂州市市辖区","420701"
"鄂州市梁子湖区","420702"
"鄂州市鄂城区","420704"
"鄂托克前旗","150623"
"鄂托克旗","150624"
"鄂温克族自治旗","150724"
"酒泉市","620900"
"酒泉市市辖区","620901"
"酒泉市瓜州县","620922"
"酒泉市肃北蒙古族自治县","620923"
"酒泉市肃州区","620902"
"酒泉市金塔县","620921"
"酒泉市阿克塞哈萨克族自治县","620924"
"醴陵市","430281"
"重庆市","500000"
"重庆市万州区","500101"
"重庆市丰都县","500230"
"重庆市九龙坡区","500107"
"重庆市云阳县","500235"
"重庆市北碚区","500109"
"重庆市南岸区","500108"
"重庆市南川区","500119"
"重庆市县","500200"
"重庆市合川区","500117"
"重庆市垫江县","500231"
"重庆市城口县","500229"
"重庆市大渡口区","500104"
"重庆市大足区","500111"
"重庆市奉节县","500236"
"重庆市巫山县","500237"
"重庆市巫溪县","500238"
"重庆市巴南区","500113"
"重庆市市辖区","500100"
"重庆市开县","500234"
"重庆市彭水苗族土家族自治县","500243"
"重庆市忠县","500233"
"重庆市梁平县","500228"
"重庆市武隆县","500232"
"重庆市永川区","500118"
"重庆市江北区","500105"
"重庆市江津区","500116"
"重庆市沙坪坝区","500106"
"重庆市涪陵区","500102"
"重庆市渝中区","500103"
"重庆市渝北区","500112"
"重庆市潼南县","500223"
"重庆市璧山县","500227"
"重庆市石柱土家族自治县","500240"
"重庆市秀山土家族苗族自治县","500241"
"重庆市綦江区","500110"
"重庆市荣昌县","500226"
"重庆市酉阳土家族苗族自治县","500242"
"重庆市铜梁县","500224"
"重庆市长寿区","500115"
"重庆市黔江区","500114"
"金华市","330700"
"金华市婺城区","330702"
"金华市市辖区","330701"
"金华市武义县","330723"
"金华市浦江县","330726"
"金华市磐安县","330727"
"金华市金东区","330703"
"金坛市","320482"
"金昌市","620300"
"金昌市市辖区","620301"
"金昌市永昌县","620321"
"金昌市金川区","620302"
"钟祥市","420881"
"钦州市","450700"
"钦州市市辖区","450701"
"钦州市浦北县","450722"
"钦州市灵山县","450721"
"钦州市钦北区","450703"
"钦州市钦南区","450702"
"铁力市","230781"
"铁岭市","211200"
"铁岭市市辖区","211201"
"铁岭市昌图县","211224"
"铁岭市清河区","211204"
"铁岭市西丰县","211223"
"铁岭市铁岭县","211221"
"铁岭市银州区","211202"
"铜仁市","520600"
"铜仁市万山区","520603"
"铜仁市印江土家族苗族自治县","520625"
"铜仁市德江县","520626"
"铜仁市思南县","520624"
"铜仁市松桃苗族自治县","520628"
"铜仁市江口县","520621"
"铜仁市沿河土家族自治县","520627"
"铜仁市玉屏侗族自治县","520622"
"铜仁市石阡县","520623"
"铜仁市碧江区","520602"
"铜川市","610200"
"铜川市印台区","610203"
"铜川市宜君县","610222"
"铜川市市辖区","610201"
"铜川市王益区","610202"
"铜川市耀州区","610204"
"铜陵市","340700"
"铜陵市市辖区","340701"
"铜陵市狮子山区","340703"
"铜陵市郊区","340711"
"铜陵市铜官山区","340702"
"铜陵市铜陵县","340721"
"银川市","640100"
"银川市兴庆区","640104"
"银川市市辖区","640101"
"银川市永宁县","640121"
"银川市西夏区","640105"
"银川市贺兰县","640122"
"银川市金凤区","640106"
"锡林浩特市","152502"
"锡林郭勒盟","152500"
"锦州市","210700"
"锦州市义县","210727"
"锦州市凌河区","210703"
"锦州市古塔区","210702"
"锦州市太和区","210711"
"锦州市市辖区","210701"
"锦州市黑山县","210726"
"镇江市","321100"
"镇江市丹徒区","321112"
"镇江市京口区","321102"
"镇江市市辖区","321101"
"镇江市润州区","321111"
"镶黄旗","152528"
"长乐市","350182"
"长春市","220100"
"长春市二道区","220105"
"长春市农安县","220122"
"长春市南关区","220102"
"长春市双阳区","220112"
"长春市宽城区","220103"
"长春市市辖区","220101"
"长春市朝阳区","220104"
"长春市绿园区","220106"
"长沙市","430100"
"长沙市天心区","430103"
"长沙市宁乡县","430124"
"长沙市岳麓区","430104"
"长沙市市辖区","430101"
"长沙市开福区","430105"
"长沙市望城区","430112"
"长沙市芙蓉区","430102"
"长沙市长沙县","430121"
"长沙市雨花区","430111"
"长治市","140400"
"长治市城区","140402"
"长治市壶关县","140427"
"长治市屯留县","140424"
"长治市市辖区","140401"
"长治市平顺县","140425"
"长治市武乡县","140429"
"长治市沁县","140430"
"长治市沁源县","140431"
"长治市襄垣县","140423"
"长治市郊区","140411"
"长治市长子县","140428"
"长治市长治县","140421"
"长治市黎城县","140426"
"长葛市","411082"
"阆中市","511381"
"阜康市","652302"
"阜康市吉木萨尔县","652327"
"阜康市呼图壁县","652323"
"阜康市奇台县","652325"
"阜康市木垒哈萨克自治县","652328"
"阜康市玛纳斯县","652324"
"阜新市","210900"
"阜新市太平区","210904"
"阜新市市辖区","210901"
"阜新市彰武县","210922"
"阜新市新邱区","210903"
"阜新市海州区","210902"
"阜新市清河门区","210905"
"阜新市细河区","210911"
"阜新市阜新蒙古族自治县","210921"
"阜阳市","341200"
"阜阳市临泉县","341221"
"阜阳市太和县","341222"
"阜阳市市辖区","341201"
"阜阳市阜南县","341225"
"阜阳市颍上县","341226"
"阜阳市颍东区","341203"
"阜阳市颍州区","341202"
"阜阳市颍泉区","341204"
"防城港市","450600"
"防城港市上思县","450621"
"防城港市市辖区","450601"
"防城港市港口区","450602"
"防城港市防城区","450603"
"阳春市","441781"
"阳江市","441700"
"阳江市市辖区","441701"
"阳江市江城区","441702"
"阳江市阳东县","441723"
"阳江市阳西县","441721"
"阳泉市","140300"
"阳泉市城区","140302"
"阳泉市市辖区","140301"
"阳泉市平定县","140321"
"阳泉市盂县","140322"
"阳泉市矿区","140303"
"阳泉市郊区","140311"
"阿克苏市","652901"
"阿克苏市乌什县","652927"
"阿克苏市库车县","652923"
"阿克苏市拜城县","652926"
"阿克苏市新和县","652925"
"阿克苏市柯坪县","652929"
"阿克苏市沙雅县","652924"
"阿克苏市温宿县","652922"
"阿克苏市阿瓦提县","652928"
"阿勒泰市","654301"
"阿勒泰市吉木乃县","654326"
"阿勒泰市哈巴河县","654324"
"阿勒泰市富蕴县","654322"
"阿勒泰市布尔津县","654321"
"阿勒泰市福海县","654323"
"阿勒泰市自治区直辖县级行政区划","659000"
"阿勒泰市青河县","654325"
"阿图什市","653001"
"阿图什市乌恰县","653024"
"阿图什市喀什地区","653100"
"阿图什市阿克陶县","653022"
"阿图什市阿合奇县","653023"
"阿坝藏族羌族自治州","513200"
"阿坝藏族羌族自治州九寨沟县","513225"
"阿坝藏族羌族自治州壤塘县","513230"
"阿坝藏族羌族自治州小金县","513227"
"阿坝藏族羌族自治州松潘县","513224"
"阿坝藏族羌族自治州汶川县","513221"
"阿坝藏族羌族自治州理县","513222"
"阿坝藏族羌族自治州红原县","513233"
"阿坝藏族羌族自治州若尔盖县","513232"
"阿坝藏族羌族自治州茂县","513223"
"阿坝藏族羌族自治州金川县","513226"
"阿坝藏族羌族自治州阿坝县","513231"
"阿坝藏族羌族自治州马尔康县","513229"
"阿坝藏族羌族自治州黑水县","513228"
"阿尔山市","152202"
"阿巴嘎旗","152522"
"阿拉善右旗","152922"
"阿拉善左旗","152921"
"阿拉善盟","152900"
"阿拉尔市","659002"
"阿荣旗","150721"
"阿鲁科尔沁旗","150421"
"陆丰市","441581"
"陇南市","621200"
"陇南市两当县","621228"
"陇南市宕昌县","621223"
"陇南市市辖区","621201"
"陇南市康县","621224"
"陇南市徽县","621227"
"陇南市成县","621221"
"陇南市文县","621222"
"陇南市武都区","621202"
"陇南市礼县","621226"
"陇南市西和县","621225"
"陈巴尔虎旗","150725"
"陕西省","610000"
"随州市","421300"
"随州市市辖区","421301"
"随州市曾都区","421303"
"随州市随县","421321"
"雅安市","511800"
"雅安市名山区","511803"
"雅安市天全县","511825"
"雅安市宝兴县","511827"
"雅安市市辖区","511801"
"雅安市汉源县","511823"
"雅安市石棉县","511824"
"雅安市芦山县","511826"
"雅安市荥经县","511822"
"雅安市雨城区","511802"
"集安市","220582"
"雷州市","440882"
"霍州市","141082"
"霍林郭勒市","150581"
"霸州市","131081"
"青岛市","370200"
"青岛市四方区","370205"
"青岛市城阳区","370214"
"青岛市崂山区","370212"
"青岛市市北区","370203"
"青岛市市南区","370202"
"青岛市市辖区","370201"
"青岛市李沧区","370213"
"青岛市黄岛区","370211"
"青州市","370781"
"青海省","630000"
"青铜峡市","640381"
"靖江市","321282"
"鞍山市","210300"
"鞍山市千山区","210311"
"鞍山市台安县","210321"
"鞍山市岫岩满族自治县","210323"
"鞍山市市辖区","210301"
"鞍山市立山区","210304"
"鞍山市铁东区","210302"
"鞍山市铁西区","210303"
"韩城市","610581"
"韶关市","440200"
"韶关市乳源瑶族自治县","440232"
"韶关市仁化县","440224"
"韶关市始兴县","440222"
"韶关市市辖区","440201"
"韶关市新丰县","440233"
"韶关市曲江区","440205"
"韶关市武江区","440203"
"韶关市浈江区","440204"
"韶关市翁源县","440229"
"韶山市","430382"
"项城市","411681"
"额尔古纳市","150784"
"额济纳旗","152923"
"香港特别行政区","810000"
"马鞍山市","340500"
"马鞍山市博望区","340506"
"马鞍山市含山县","340522"
"马鞍山市和县","340523"
"马鞍山市市辖区","340501"
"马鞍山市当涂县","340521"
"马鞍山市花山区","340503"
"马鞍山市雨山区","340504"
"驻马店市","411700"
"驻马店市上蔡县","411722"
"驻马店市市辖区","411701"
"驻马店市平舆县","411723"
"驻马店市新蔡县","411729"
"驻马店市正阳县","411724"
"驻马店市汝南县","411727"
"驻马店市泌阳县","411726"
"驻马店市省直辖县级行政区划","419000"
"驻马店市确山县","411725"
"驻马店市西平县","411721"
"驻马店市遂平县","411728"
"驻马店市驿城区","411702"
"高安市","360983"
"高密市","370785"
"高州市","440981"
"高平市","140581"
"高碑店市","130684"
"高要市","441283"
"高邮市","321084"
"鸡西市","230300"
"鸡西市城子河区","230306"
"鸡西市市辖区","230301"
"鸡西市恒山区","230303"
"鸡西市梨树区","230305"
"鸡西市滴道区","230304"
"鸡西市鸡东县","230321"
"鸡西市鸡冠区","230302"
"鸡西市麻山区","230307"
"鹤壁市","410600"
"鹤壁市山城区","410603"
"鹤壁市市辖区","410601"
"鹤壁市浚县","410621"
"鹤壁市淇县","410622"
"鹤壁市淇滨区","410611"
"鹤壁市鹤山区","410602"
"鹤山市","440784"
"鹤岗市","230400"
"鹤岗市东山区","230406"
"鹤岗市兴安区","230405"
"鹤岗市兴山区","230407"
"鹤岗市南山区","230404"
"鹤岗市向阳区","230402"
"鹤岗市工农区","230403"
"鹤岗市市辖区","230401"
"鹤岗市绥滨县","230422"
"鹤岗市萝北县","230421"
"鹰潭市","360600"
"鹰潭市余江县","360622"
"鹰潭市市辖区","360601"
"鹰潭市月湖区","360602"
"鹿泉市","130185"
"麻城市","421181"
"黄冈市","421100"
"黄冈市团风县","421121"
"黄冈市市辖区","421101"
"黄冈市浠水县","421125"
"黄冈市红安县","421122"
"黄冈市罗田县","421123"
"黄冈市英山县","421124"
"黄冈市蕲春县","421126"
"黄冈市黄州区","421102"
"黄冈市黄梅县","421127"
"黄南藏族自治州","632300"
"黄南藏族自治州同仁县","632321"
"黄南藏族自治州尖扎县","632322"
"黄南藏族自治州河南蒙古族自治县","632324"
"黄南藏族自治州泽库县","632323"
"黄山市","341000"
"黄山市休宁县","341022"
"黄山市屯溪区","341002"
"黄山市市辖区","341001"
"黄山市徽州区","341004"
"黄山市歙县","341021"
"黄山市祁门县","341024"
"黄山市黄山区","341003"
"黄山市黟县","341023"
"黄石市","420200"
"黄石市下陆区","420204"
"黄石市市辖区","420201"
"黄石市西塞山区","420203"
"黄石市铁山区","420205"
"黄石市阳新县","420222"
"黄石市黄石港区","420202"
"黄骅市","130983"
"黑河市","231100"
"黑河市嫩江县","231121"
"黑河市孙吴县","231124"
"黑河市市辖区","231101"
"黑河市爱辉区","231102"
"黑河市逊克县","231123"
"黑龙江省","230000"
"黔东南苗族侗族自治州","522600"
"黔南布依族苗族自治州","522700"
"黔西南布依族苗族自治州","522300"
"齐齐哈尔市","230200"
"齐齐哈尔市依安县","230223"
"齐齐哈尔市克东县","230230"
"齐齐哈尔市克山县","230229"
"齐齐哈尔市富拉尔基区","230206"
"齐齐哈尔市富裕县","230227"
"齐齐哈尔市市辖区","230201"
"齐齐哈尔市建华区","230203"
"齐齐哈尔市拜泉县","230231"
"齐齐哈尔市昂昂溪区","230205"
"齐齐哈尔市梅里斯达斡尔族区","230208"
"齐齐哈尔市泰来县","230224"
"齐齐哈尔市甘南县","230225"
"齐齐哈尔市碾子山区","230207"
"齐齐哈尔市铁锋区","230204"
"齐齐哈尔市龙江县","230221"
"齐齐哈尔市龙沙区","230202"
"龙井市","222405"
"龙口市","370681"
"龙岩市","350800"
"龙岩市上杭县","350823"
"龙岩市市辖区","350801"
"龙岩市新罗区","350802"
"龙岩市武平县","350824"
"龙岩市永定县","350822"
"龙岩市连城县","350825"
"龙岩市长汀县","350821"
"龙泉市","331181"
"龙海市","350681"
